Obs;LEERLAANT_TOTAAL;FTE_1;FTE_2;FTE_34;FTE_TOTAAL;FTE_BEDRAG_1;FTE_BEDRAG_2;FTE_BEDRAG_34;GEWPERC_VROUW_1;GEWPERC_VROUW_2;GEWPERC_VROUW_34;GEWGEM_LEEFTIJD_1;GEWGEM_LEEFTIJD_2;GEWGEM_LEEFTIJD_34;GEWPERC_DEELTIJD_1;GEWPERC_DEELTIJD_2;GEWPERC_DEELTIJD_34;GEWGEM_ERVARING_1;GEWGEM_ERVARING_2;GEWGEM_ERVARING_34;TOTALE_KOSTEN;KOST_DIRECTIE_JAAR;KOST_ONDERWIJZEND_JAAR;KOST_ONDERSTEUNING_JAAR;MAT_KOSTEN2;WMAN;WOP;WOND;PIG;ID_NUMMER;JAAR;REGIO;CATEGORIE;AANTALBRINSPERBG;TOT_LASTEN;AANTALVESTIGINGENPERBRIN;PERC_DEELTIJD;INNOV1;INNOV2;INNOV3;INNOV4;INNOV5;PERC_STED;TRADITIONEELBELEID;SLAGINGSPERCENTAGE;CONCURRENTIE;AGGR_RENDEMENT;INNOV_TOTAAL;APCG;CE;AANDEEL_AUTOCHTOON;AANDEEL_ONBEKEND;AANDEEL_NIETWESTALLOCHANTIL;AANDEEL_NIETWESTALLOCHSURINAAMS;AANDEEL_NIETWESTALLOCHTURKS;AANDEEL_OVERIGNIETWESTALLOCHTOON;AANDEEL_WESTERSALLOCHTOON;AANDEEL_OPGETELD;KOST111;KOST222;KOST333444;CE_VMBO;CE_HAVO;CE_VWO;DRBA1;DRBA2;DRBA3;DRBA4;DRBA5;DRBA6;DRBA7;DRBA8;DRBA9;DRBA10;DRBA11;DRBA12;DRBA13;DRBA14;DRBA15;DRBA16;DRBA17;DRBA18;JAAR_mean;N_BREAK
6,0000;3612,0000;29,5378;341,6436;60,5729;431,7543;138189,9598;1183623,2223;71923,8743;0,1896;0,4176;0,4290;52,3151;45,2903;42,1986;0,0356;0,1910;0,1613;17,6739;12,6020;3,5620;28665847,7503;2358388,0403;20200040,9885;1227472,7142;3652473,2931;81272,5159;75963,1277;17742,6778;1,6739;1,0000;2007,0000;4,0000;7,0000;2,0000;29686858,9661;5,0000;0,1778;10,0000;26,0000;21,0000;10,0000;6,0000;0,6218;0,0000;0,9085;0,0647;0,7912;73,0000;11,3143;61,3036;0,6069;0,0162;0,0212;0,0562;0,1069;0,0681;0,1246;1,0000;79843,0900;59126,0575;20264,3929;61,3627;61,1982;61,3425;0,0000;0,0000;0,0000;1,0000;0,0000;0,0000;0,0000;0,0000;0,0000;0,0000;0,0000;0,0000;0,0000;0,0000;0,0000;0,0000;0,0000;0,0000;2004,5000;6,0000
18,0000;1485,0000;4,4302;112,2589;23,3520;140,0411;19074,7284;415280,6479;23124,6332;0,1941;0,3173;0,5276;52,6160;47,6447;47,4448;0,0000;0,2504;0,5101;17,4358;14,8741;3,4823;10070663,7147;351459,3216;7651708,1512;426080,3986;1215335,4448;82403,4767;74814,4024;16832,3656;1,4722;3,0000;2007,0000;11,0000;7,0000;1,0000;9871563,4796;2,0000;0,2762;11,0000;17,0000;14,0000;5,0000;6,0000;0,4226;1,0000;0,9392;0,3862;0,7763;53,0000;0,0395;64,9660;0,7829;0,0000;0,0470;0,0257;0,0284;0,0550;0,0611;1,0000;79333,4574;68161,2368;18245,9854;64,1765;64,1860;66,3585;0,0000;0,0000;0,0000;0,0000;0,0000;0,0000;0,0000;0,0000;0,0000;0,0000;1,0000;0,0000;0,0000;0,0000;0,0000;0,0000;0,0000;0,0000;2004,5000;6,0000
78,0000;1562,0000;8,1179;104,3090;10,4411;122,8679;42016,9307;361881,9870;12408,6556;0,2853;0,4961;0,6402;53,7825;42,9106;46,0673;0,0000;0,3654;0,5255;20,3323;12,2179;3,0795;8979750,1142;728811,5927;6277083,6099;215236,3790;1543382,1534;78424,9292;74204,4333;17063,2872;1,7189;13,0000;2007,0000;8,0000;8,0000;1,0000;8974484,7951;1,0000;0,3424;3,0000;12,0000;9,0000;7,0000;3,0000;0,5236;1,0000;0,9706;0,1658;0,8431;34,0000;2,6524;64,0187;0,8408;0,0029;0,0198;0,0131;0,0122;0,0367;0,0745;1,0000;89778,6826;60177,8009;20614,3250;64,6154;59,9189;66,5439;0,0000;0,0000;0,0000;0,0000;0,0000;0,0000;0,0000;1,0000;0,0000;0,0000;0,0000;0,0000;0,0000;0,0000;0,0000;0,0000;0,0000;0,0000;2004,5000;6,0000
90,0000;1223,0000;5,4399;89,1543;9,4572;104,0514;26008,2831;300550,3932;9835,8009;0,0000;0,3914;0,1809;54,0333;44,2227;39,3602;0,0000;0,2447;0,3180;11,5286;13,6536;1,9044;7283030,7034;464994,8034;5373456,2328;175851,5265;1092876,6143;81272,5159;75963,1277;17742,6778;1,6183;15,0000;2007,0000;4,0000;7,0000;1,0000;7357452,4756;2,0000;0,2314;7,0000;12,0000;10,0000;5,0000;2,0000;0,0000;1,0000;0,9579;0,5552;0,8825;36,0000;0,0053;64,6624;0,8498;0,0087;0,0095;0,0244;0,0044;0,0367;0,0665;1,0000;85478,7175;60271,3875;18594,4431;63,0727;64,6735;66,3019;0,0000;0,0000;0,0000;1,0000;0,0000;0,0000;0,0000;0,0000;0,0000;0,0000;0,0000;0,0000;0,0000;0,0000;0,0000;0,0000;0,0000;0,0000;2004,5000;6,0000
102,0000;502,0000;4,2671;36,3270;4,9321;45,5262;9754,3337;113402,5598;5436,2838;0,0000;0,4027;0,3753;56,4522;44,3188;44,1534;0,0783;0,3445;0,4322;30,4174;10,4181;2,3340;2668847,7329;168758,8564;1961967,5659;94052,6611;350015,9883;77533,9341;75312,3874;16873,4239;1,6560;17,0000;2007,0000;17,0000;3,0000;2,0000;2642174,1675;1,0000;0,3366;0,0000;11,0000;7,0000;1,0000;2,0000;0,4248;1,0000;0,9913;0,1162;0,9185;21,0000;2,6524;64,4444;0,8099;0,0075;0,0000;0,0306;0,0075;0,0437;0,1008;1,0000;39548,6781;54008,5484;19069,5233;64,4444;#NULL!;#NULL!;0,0000;0,0000;0,0000;0,0000;0,0000;0,0000;0,0000;0,0000;0,0000;0,0000;0,0000;0,0000;0,0000;0,0000;0,0000;0,0000;1,0000;0,0000;2004,5000;6,0000
156,0000;1921,0000;7,4914;172,6887;42,8203;223,0004;38091,8729;568556,0526;46287,3164;0,3497;0,4962;0,6397;50,8299;43,3332;47,2835;0,0000;0,3614;0,4712;10,6442;11,3784;2,5679;15459276,0020;713935,8688;10656146,0124;867538,7407;2354116,6393;82437,6443;75800,1749;16802,7336;1,7997;26,0000;2007,0000;6,0000;7,0000;1,0000;15154460,5412;2,0000;0,3555;10,0000;25,0000;12,0000;11,0000;7,0000;0,8076;0,0000;0,9630;0,0621;0,8959;65,0000;4,1907;63,5053;0,8155;0,0057;0,0334;0,0041;0,0318;0,0411;0,0684;1,0000;95300,1162;61707,2705;20259,9925;60,2674;69,1154;63,2500;0,0000;0,0000;0,0000;0,0000;0,0000;1,0000;0,0000;0,0000;0,0000;0,0000;0,0000;0,0000;0,0000;0,0000;0,0000;0,0000;0,0000;0,0000;2004,5000;6,0000
162,0000;2436,0000;4,7333;125,0407;35,3930;165,1670;22147,2000;415111,5269;33246,6230;0,2114;0,2877;0,4836;51,2428;42,2718;41,5439;0,1546;0,1683;0,4139;16,5266;11,0429;2,0868;13051714,6433;522846,4896;9799866,5585;784879,3591;1159242,8771;77571,3142;73256,5805;16648,3790;1,7296;27,0000;2007,0000;5,0000;8,0000;1,0000;12817595,2515;1,0000;0,2005;2,0000;6,0000;9,0000;9,0000;1,0000;0,0638;1,0000;0,9482;0,1963;0,8353;27,0000;2,6524;66,9781;0,9302;0,0000;0,0017;0,0008;0,0170;0,0206;0,0297;1,0000;110460,5260;78373,4431;22176,0975;65,0000;66,4375;68,0339;0,0000;0,0000;0,0000;0,0000;1,0000;0,0000;0,0000;0,0000;0,0000;0,0000;0,0000;0,0000;0,0000;0,0000;0,0000;0,0000;0,0000;0,0000;2004,5000;6,0000
174,0000;1086,0000;3,8000;63,0246;18,5980;85,4226;13866,3236;221351,2753;20503,1968;0,1872;0,3790;0,6576;56,0537;45,5514;49,7957;0,0000;0,2491;0,6004;13,4810;8,4162;3,1976;6987981,6205;282064,3687;4502657,6364;417069,5448;1369120,5257;82437,6443;75800,1749;16802,7336;1,8145;29,0000;2007,0000;6,0000;7,0000;2,0000;6760973,8678;1,0000;0,2376;6,0000;13,0000;10,0000;4,0000;7,0000;0,0243;1,0000;0,9521;0,2317;0,7283;40,0000;0,0000;62,4216;0,8628;0,0000;0,0061;0,0124;0,0069;0,0559;0,0559;1,0000;74227,4655;71442,8594;22425,5052;62,8235;65,4545;59,1714;0,0000;0,0000;0,0000;0,0000;0,0000;1,0000;0,0000;0,0000;0,0000;0,0000;0,0000;0,0000;0,0000;0,0000;0,0000;0,0000;0,0000;0,0000;2004,5000;6,0000
186,0000;1267,0000;4,8100;75,2228;11,8656;91,8984;21354,3464;207624,9890;10382,0235;0,0000;0,3862;0,1430;51,1397;44,2238;40,1832;0,0000;0,2678;0,1046;13,8303;13,1946;0,7929;7114669,1192;539249,1569;5243035,7002;262171,3307;808041,6008;78424,9292;74204,4333;17063,2872;1,7323;32,0000;2007,0000;8,0000;8,0000;1,0000;7273371,1601;1,0000;0,2445;11,0000;19,0000;18,0000;14,0000;7,0000;0,6863;1,0000;0,9624;0,2385;0,7577;69,0000;2,6524;65,1024;0,8003;0,0000;0,0239;0,0088;0,0345;0,0580;0,0745;1,0000;112110,0118;69700,0720;22095,1223;62,5000;65,0517;65,7018;0,0000;0,0000;0,0000;0,0000;0,0000;0,0000;0,0000;1,0000;0,0000;0,0000;0,0000;0,0000;0,0000;0,0000;0,0000;0,0000;0,0000;0,0000;2004,5000;6,0000
198,0000;829,0000;4,1586;52,2340;11,3231;67,7156;9314,6962;164699,6895;7795,0984;0,0000;0,4004;0,2335;50,5680;40,8413;21,3032;0,0000;0,1521;0,1990;15,7039;10,7810;1,3345;4348802,0486;171376,6033;3030230,1456;143418,2548;860358,7901;75483,6210;72761,6682;16051,7808;1,7724;34,0000;2007,0000;13,0000;3,0000;1,0000;4482868,3006;1,0000;0,1604;4,0000;17,0000;11,0000;9,0000;2,0000;0,9447;1,0000;0,9785;0,2799;0,8836;43,0000;2,6524;62,0000;0,8505;0,0000;0,0142;0,0264;0,0255;0,0488;0,0346;1,0000;41210,6462;58012,6417;12666,0044;62,0000;#NULL!;#NULL!;0,0000;0,0000;0,0000;0,0000;0,0000;0,0000;0,0000;0,0000;0,0000;0,0000;0,0000;0,0000;1,0000;0,0000;0,0000;0,0000;0,0000;0,0000;2004,5000;6,0000
210,0000;645,0000;4,1020;68,0305;7,0263;79,1587;4471,0151;217141,2410;7921,5549;0,8000;0,3771;0,5291;42,6000;46,4042;48,1163;0,0000;0,1901;0,2155;3,6000;12,7377;3,8653;5322210,1055;83467,6547;4053725,9917;147884,4504;889247,5583;78354,7522;75733,7712;17161,3534;1,8313;36,0000;2007,0000;10,0000;4,0000;1,0000;5507253,4920;1,0000;0,1883;3,0000;13,0000;8,0000;4,0000;2,0000;0,7619;0,0000;1,0000;0,1267;0,8499;30,0000;2,6524;63,1538;0,3733;0,0522;0,0355;0,2108;0,0387;0,1943;0,0952;1,0000;20348,1015;59586,9211;21047,2920;63,1538;#NULL!;#NULL!;0,0000;0,0000;0,0000;0,0000;0,0000;0,0000;0,0000;0,0000;0,0000;1,0000;0,0000;0,0000;0,0000;0,0000;0,0000;0,0000;0,0000;0,0000;2004,5000;6,0000
222,0000;2569,0000;15,7869;177,9295;27,5175;221,2338;77052,5464;604242,0270;27465,4093;0,1814;0,3695;0,6300;51,7356;43,9465;43,5797;0,0000;0,2573;0,4824;15,5805;10,5983;2,3990;16036780,5028;1332070,6940;10446028,5011;474817,1019;3309047,1039;77571,3142;73256,5805;16648,3790;1,6096;38,0000;2007,0000;5,0000;7,0000;1,0000;16003285,4310;2,0000;0,2422;8,0000;10,0000;15,0000;8,0000;6,0000;0,0391;1,0000;0,9431;0,3802;0,7955;47,0000;0,1068;64,0345;0,8656;0,0011;0,0045;0,0133;0,0236;0,0381;0,0538;1,0000;84378,4008;58708,8109;17255,0999;64,2809;63,7250;63,8222;0,0000;0,0000;0,0000;0,0000;1,0000;0,0000;0,0000;0,0000;0,0000;0,0000;0,0000;0,0000;0,0000;0,0000;0,0000;0,0000;0,0000;0,0000;2004,5000;6,0000
246,0000;334,0000;4,3121;25,3700;4,6862;34,3683;8022,2142;80943,4089;4227,6220;0,0000;0,5351;0,0920;53,5971;43,6043;24,3832;0,0000;0,3150;0,2152;15,3936;10,0692;1,7348;2007859,0449;137268,5939;1385027,5808;72339,0972;340884,6758;78424,9292;74204,4333;17063,2872;1,7829;42,0000;2007,0000;8,0000;3,0000;2,0000;2030970,0012;1,0000;0,2912;4,0000;9,0000;9,0000;6,0000;2,0000;0,4820;1,0000;0,9296;0,4103;0,8694;30,0000;2,6524;61,6154;0,8377;0,0000;0,0000;0,0228;0,0542;0,0484;0,0369;1,0000;31833,2151;54593,1857;15436,5897;61,6154;#NULL!;#NULL!;0,0000;0,0000;0,0000;0,0000;0,0000;0,0000;0,0000;1,0000;0,0000;0,0000;0,0000;0,0000;0,0000;0,0000;0,0000;0,0000;0,0000;0,0000;2004,5000;6,0000
258,0000;383,0000;1,0000;34,3998;4,8557;40,2555;4500,0000;117533,1762;4548,8726;0,0000;0,4390;0,3614;50,0000;42,7922;31,9289;0,0000;0,2934;0,3409;30,0000;12,4890;2,3247;2796095,4655;79040,4697;2064417,2123;79898,8948;492839,9939;77233,1566;72764,3523;16165,2265;1,8462;44,0000;2007,0000;2,0000;4,0000;4,0000;2786402,5449;1,0000;0,3075;1,0000;13,0000;14,0000;9,0000;5,0000;0,0000;0,0000;1,0000;0,9756;0,8994;42,0000;2,6524;62,4706;0,8993;0,0041;0,0222;0,0151;0,0000;0,0081;0,0513;1,0000;79040,4697;60012,4831;16454,5591;62,4706;#NULL!;#NULL!;0,0000;1,0000;0,0000;0,0000;0,0000;0,0000;0,0000;0,0000;0,0000;0,0000;0,0000;0,0000;0,0000;0,0000;0,0000;0,0000;0,0000;0,0000;2004,5000;6,0000
276,0000;2230,0000;10,0000;182,3273;43,7875;236,1148;50835,0000;610398,1740;46245,7640;0,0000;0,3387;0,4784;54,0689;45,4467;47,1821;0,0000;0,1865;0,4113;16,0756;14,1350;3,4155;16890345,7671;949793,2959;11404585,2941;864048,7185;2807869,7401;77233,1566;72764,3523;16165,2265;1,5586;47,0000;2007,0000;2,0000;7,0000;1,0000;16768416,4654;4,0000;0,1918;2,0000;24,0000;17,0000;12,0000;10,0000;0,0000;1,0000;0,9721;0,4023;0,8187;65,0000;0,0247;64,5974;0,8959;0,0006;0,0059;0,0084;0,0012;0,0299;0,0580;1,0000;94979,3296;62550,0695;19732,7712;66,4125;62,4545;62,7805;0,0000;1,0000;0,0000;0,0000;0,0000;0,0000;0,0000;0,0000;0,0000;0,0000;0,0000;0,0000;0,0000;0,0000;0,0000;0,0000;0,0000;0,0000;2004,5000;6,0000
294,0000;774,0000;4,2544;52,3116;13,5851;70,1510;9763,6266;183409,5261;10987,1065;0,3571;0,4397;0,4084;48,0857;43,6692;49,6020;0,0000;0,4030;0,2376;21,2286;9,4428;3,0528;4872371,9698;178022,8942;3344156,4282;200330,9398;949530,7679;78354,7522;75733,7712;17161,3534;1,6864;52,0000;2007,0000;10,0000;10,0000;3,0000;4838295,3653;1,0000;0,3434;5,0000;13,0000;9,0000;8,0000;2,0000;0,9688;1,0000;0,9519;0,0673;0,8692;37,0000;2,6524;71,3438;0,6817;0,0000;0,0095;0,0403;0,0216;0,0763;0,1707;1,0000;41844,8868;63927,6603;14746,3990;#NULL!;#NULL!;71,3438;0,0000;0,0000;0,0000;0,0000;0,0000;0,0000;0,0000;0,0000;0,0000;1,0000;0,0000;0,0000;0,0000;0,0000;0,0000;0,0000;0,0000;0,0000;2004,5000;6,0000
346,0000;1157,0000;6,4355;77,3974;9,1006;92,9335;30592,1744;276438,1965;10089,6401;0,0967;0,3812;0,2958;52,2743;44,1728;51,4019;0,0198;0,2343;0,4781;15,8822;10,6612;2,7107;7868802,0426;644074,2676;5820008,9488;212422,8724;979873,0814;78424,9292;74204,4333;17063,2872;1,8082;64,0000;2007,0000;8,0000;8,0000;12,0000;7995057,5638;1,0000;0,2276;4,0000;10,0000;12,0000;4,0000;3,0000;0,8067;1,0000;0,8454;0,0347;0,7763;33,0000;2,6524;61,1887;0,6716;0,0068;0,0350;0,0602;0,0668;0,0651;0,0946;1,0000;100081,6814;75196,4312;23341,6897;56,5882;61,8478;62,3023;0,0000;0,0000;0,0000;0,0000;0,0000;0,0000;0,0000;1,0000;0,0000;0,0000;0,0000;0,0000;0,0000;0,0000;0,0000;0,0000;0,0000;0,0000;2004,5000;6,0000
401,0000;330,0000;1,9000;24,8750;6,9769;33,7519;9663,2227;79059,0309;7101,8124;0,2408;0,5789;0,2696;54,7575;41,4875;23,3184;0,0000;0,3455;0,2289;22,1829;11,1957;1,6590;2495516,5883;190221,4996;1556284,8901;139799,8842;469410,4301;80333,4871;74189,0774;16926,4604;1,7336;74,0000;2007,0000;3,0000;4,0000;1,0000;2458615,2229;1,0000;0,3493;1,0000;19,0000;16,0000;8,0000;4,0000;0,0000;1,0000;1,0000;0,2981;0,9376;48,0000;2,6524;62,3704;0,8739;0,0000;0,0044;0,0044;0,0000;0,0557;0,0615;1,0000;100116,5788;62564,2167;20037,5359;62,3704;#NULL!;#NULL!;0,0000;0,0000;1,0000;0,0000;0,0000;0,0000;0,0000;0,0000;0,0000;0,0000;0,0000;0,0000;0,0000;0,0000;0,0000;0,0000;0,0000;0,0000;2004,5000;6,0000
419,0000;4629,0000;32,7815;344,4669;50,8867;428,1351;155369,6541;1203386,5205;53003,2108;0,2449;0,3858;0,5444;52,3739;46,6153;43,7327;0,0077;0,2490;0,1688;18,9961;13,7185;4,1341;32033074,9498;2837767,9037;21979399,1465;968083,5759;5279740,7479;77571,3142;73256,5805;16648,3790;1,6920;77,0000;2007,0000;5,0000;6,0000;14,0000;32296629,8544;6,0000;0,2296;3,0000;11,0000;15,0000;12,0000;2,0000;0,4880;0,0000;0,9825;0,1035;0,8107;43,0000;4,3126;64,3862;0,7011;0,0049;0,0172;0,0182;0,1343;0,0548;0,0695;1,0000;86566,2221;63806,9966;19024,2878;62,0423;64,1569;67,0448;0,0000;0,0000;0,0000;0,0000;1,0000;0,0000;0,0000;0,0000;0,0000;0,0000;0,0000;0,0000;0,0000;0,0000;0,0000;0,0000;0,0000;0,0000;2004,5000;6,0000
431,0000;719,0000;5,1398;71,3788;11,8552;88,3738;9688,9471;220311,9057;19885,0931;0,0000;0,4138;0,6231;57,2020;42,4061;47,0837;0,0000;0,2009;0,2571;26,9758;11,2819;3,9278;6283921,5622;175872,7974;3999079,6582;360952,2198;1387064,6669;77233,1566;72764,3523;16165,2265;1,6456;79,0000;2007,0000;2,0000;4,0000;1,0000;6029895,0249;1,0000;0,1942;5,0000;16,0000;12,0000;10,0000;3,0000;0,0000;0,0000;1,0000;0,3380;0,9483;46,0000;2,6524;61,4444;0,9031;0,0000;0,0086;0,0018;0,0000;0,0431;0,0434;1,0000;34218,1527;56026,1768;30446,6246;61,4444;#NULL!;#NULL!;0,0000;1,0000;0,0000;0,0000;0,0000;0,0000;0,0000;0,0000;0,0000;0,0000;0,0000;0,0000;0,0000;0,0000;0,0000;0,0000;0,0000;0,0000;2004,5000;6,0000
455,0000;965,0000;4,8124;71,0278;18,0024;93,8425;21496,9507;250436,7230;16030,8556;0,5065;0,4262;0,4800;54,5623;43,7256;47,8973;0,0000;0,3395;0,3283;15,4956;12,5400;3,0381;6728784,7363;392231,2751;4569444,1252;292497,4351;1182114,4657;78354,7522;75733,7712;17161,3534;1,6628;83,0000;2007,0000;10,0000;9,0000;3,0000;6643569,8457;1,0000;0,3019;10,0000;18,0000;16,0000;10,0000;4,0000;0,9688;1,0000;0,8798;0,0673;0,8325;58,0000;2,6524;64,3423;0,6112;0,0064;0,0256;0,0771;0,0387;0,0928;0,1482;1,0000;81504,6052;64333,2158;16247,7140;#NULL!;67,0000;62,4615;0,0000;0,0000;0,0000;0,0000;0,0000;0,0000;0,0000;0,0000;0,0000;1,0000;0,0000;0,0000;0,0000;0,0000;0,0000;0,0000;0,0000;0,0000;2004,5000;6,0000
503,0000;667,0000;3,0000;35,4976;8,9144;47,4120;14249,4807;125836,4145;9641,0234;0,3421;0,5052;0,1657;48,8299;44,0750;44,7771;0,0000;0,3537;0,4256;17,2636;11,0139;2,6785;4085150,4155;298516,8668;2636186,7478;201972,8401;746501,1207;83087,6455;78046,4358;17866,7317;1,8808;91,0000;2007,0000;12,0000;10,0000;1,0000;4167903,1311;1,0000;0,2912;9,0000;15,0000;17,0000;7,0000;4,0000;0,9103;1,0000;0,9863;0,0211;0,9434;52,0000;2,6524;66,8269;0,6775;0,0041;0,0174;0,0240;0,0263;0,0654;0,1853;1,0000;99505,6223;74263,8023;22656,9192;#NULL!;#NULL!;66,8269;0,0000;0,0000;0,0000;0,0000;0,0000;0,0000;0,0000;0,0000;0,0000;0,0000;0,0000;1,0000;0,0000;0,0000;0,0000;0,0000;0,0000;0,0000;2004,5000;6,0000
521,0000;4169,0000;13,0095;317,3342;26,3868;356,7306;67379,2803;1025303,0530;27471,0893;0,0000;0,2513;0,3576;52,2092;39,0454;41,4073;0,0043;0,2127;0,2981;17,3662;8,4500;2,8644;26284463,3079;1190476,1226;18115343,4407;485366,9518;6007909,8409;82403,4767;74814,4024;16832,3656;1,6979;94,0000;2007,0000;11,0000;6,0000;1,0000;26984703,7627;4,0000;0,2037;3,0000;12,0000;12,0000;4,0000;4,0000;0,7908;1,0000;0,9519;0,1409;0,9050;35,0000;0,4348;66,3195;0,9269;0,0021;0,0065;0,0016;0,0052;0,0344;0,0234;1,0000;91507,9719;57086,0047;18394,2874;65,6871;65,0392;69,5577;0,0000;0,0000;0,0000;0,0000;0,0000;0,0000;0,0000;0,0000;0,0000;0,0000;1,0000;0,0000;0,0000;0,0000;0,0000;0,0000;0,0000;0,0000;2004,5000;6,0000
527,0000;1816,0000;4,0000;127,1400;31,2309;162,3709;18281,7999;439096,4037;36838,8956;0,0000;0,4104;0,5022;53,5333;45,3666;45,0845;0,0000;0,2676;0,2514;19,6536;12,3654;3,9711;13074286,6596;371493,4148;8922612,8352;748580,9495;2283018,5107;80333,4871;74189,0774;16926,4604;1,7495;95,0000;2007,0000;3,0000;7,0000;1,0000;13111441,0998;1,0000;0,2418;10,0000;14,0000;12,0000;7,0000;5,0000;0,2716;0,0000;0,9452;0,1553;0,8393;48,0000;2,0681;65,2313;0,8163;0,0007;0,0161;0,0252;0,0080;0,0682;0,0654;1,0000;92873,3537;70179,4308;23969,2404;63,5439;64,9268;67,4490;0,0000;0,0000;1,0000;0,0000;0,0000;0,0000;0,0000;0,0000;0,0000;0,0000;0,0000;0,0000;0,0000;0,0000;0,0000;0,0000;0,0000;0,0000;2004,5000;6,0000
683,0000;2124,0000;8,7000;130,3482;14,8662;153,9144;41328,3236;443854,7035;15529,1820;0,0000;0,4261;0,5400;55,7763;44,0265;52,3397;0,0161;0,2348;0,5229;23,2131;12,3375;3,3163;11943469,8575;793317,4971;8520009,3257;298090,2851;2033962,4645;75221,5403;74207,4852;16237,7614;1,8265;126,0000;2007,0000;16,0000;7,0000;31,0000;12211958,3601;2,0000;0,2433;3,0000;10,0000;12,0000;6,0000;7,0000;0,1410;0,0000;0,9432;0,3962;0,8436;38,0000;0,1045;61,4773;0,8398;0,0013;0,0026;0,0238;0,0181;0,0390;0,0755;1,0000;91185,9192;65363,4598;20051,5455;62,6552;61,3913;60,9474;0,0000;0,0000;0,0000;0,0000;0,0000;0,0000;0,0000;0,0000;0,0000;0,0000;0,0000;0,0000;0,0000;0,0000;0,0000;1,0000;0,0000;0,0000;2004,5000;6,0000
719,0000;875,0000;4,2141;57,8894;7,8694;69,9729;19458,7642;215768,4223;8173,5098;0,0000;0,4077;0,2283;53,3667;44,4790;53,2082;0,0000;0,3221;0,1457;17,1167;11,4423;2,3447;5204348,7820;345782,6791;3834209,7300;145243,4529;733869,4672;82437,6443;75800,1749;16802,7336;1,7720;132,0000;2007,0000;6,0000;8,0000;1,0000;5136850,0634;1,0000;0,2990;0,0000;14,0000;14,0000;9,0000;3,0000;0,0000;1,0000;0,9290;0,3161;0,8472;40,0000;2,6524;62,0421;0,8180;0,0000;0,0145;0,0000;0,0428;0,0607;0,0639;1,0000;82054,0656;66233,3495;18456,6592;61,4167;62,4500;61,8372;0,0000;0,0000;0,0000;0,0000;0,0000;1,0000;0,0000;0,0000;0,0000;0,0000;0,0000;0,0000;0,0000;0,0000;0,0000;0,0000;0,0000;0,0000;2004,5000;6,0000
761,0000;1550,0000;6,8000;94,9975;23,9950;125,7925;31542,8695;320186,5538;26344,1631;0,0787;0,4298;0,3752;54,7602;44,5595;45,4395;0,0000;0,4212;0,4412;22,4809;12,1344;2,4223;9875410,6268;626972,1440;6364292,5726;523638,3592;1836869,1917;78424,9292;74204,4333;17063,2872;1,5699;139,0000;2007,0000;8,0000;8,0000;2,0000;9802699,2898;2,0000;0,3835;2,0000;9,0000;8,0000;4,0000;1,0000;0,8790;1,0000;0,9455;0,3194;0,8040;24,0000;2,6524;62,8800;0,8222;0,0000;0,0202;0,0165;0,0110;0,0471;0,0829;1,0000;92201,7859;66994,3164;21822,8114;64,3333;61,0000;64,0833;0,0000;0,0000;0,0000;0,0000;0,0000;0,0000;0,0000;1,0000;0,0000;0,0000;0,0000;0,0000;0,0000;0,0000;0,0000;0,0000;0,0000;0,0000;2004,5000;6,0000
767,0000;1336,0000;4,3143;80,9577;18,0548;103,3269;14249,4807;270815,8986;18379,5343;0,2877;0,4780;0,5731;50,9649;41,5419;46,1435;0,0000;0,3635;0,4465;18,9018;8,8565;3,7325;8094390,3480;261866,5815;4976857,4071;337765,6995;2180134,9603;78354,7522;75733,7712;17161,3534;1,7899;140,0000;2007,0000;10,0000;10,0000;1,0000;8433049,8861;1,0000;0,3424;2,0000;19,0000;18,0000;9,0000;6,0000;0,5800;1,0000;0,9946;0,3910;0,9229;54,0000;2,6524;69,2623;0,7982;0,0058;0,0232;0,0174;0,0174;0,0359;0,1021;1,0000;60696,9226;61474,7610;18707,7704;#NULL!;#NULL!;69,2623;0,0000;0,0000;0,0000;0,0000;0,0000;0,0000;0,0000;0,0000;0,0000;1,0000;0,0000;0,0000;0,0000;0,0000;0,0000;0,0000;0,0000;0,0000;2004,5000;6,0000
785,0000;1476,0000;4,1110;100,0149;23,3130;127,4389;19570,6875;341586,0091;21059,4928;0,0500;0,4121;0,5838;51,9167;42,5733;49,9835;0,0000;0,3278;0,4695;11,0167;9,1413;3,3407;8846918,6689;383511,3495;6693791,9960;412686,2944;944242,7345;77571,3142;73256,5805;16648,3790;1,9863;143,0000;2007,0000;5,0000;8,0000;1,0000;8700708,4084;1,0000;0,2987;2,0000;9,0000;7,0000;3,0000;1,0000;0,4578;1,0000;0,9364;0,0930;0,7615;22,0000;2,6524;65,4755;0,8115;0,0000;0,0133;0,0145;0,0383;0,0491;0,0733;1,0000;93288,5949;66927,9719;17701,9698;64,5833;64,7143;66,3382;0,0000;0,0000;0,0000;0,0000;1,0000;0,0000;0,0000;0,0000;0,0000;0,0000;0,0000;0,0000;0,0000;0,0000;0,0000;0,0000;0,0000;0,0000;2004,5000;6,0000
815,0000;2021,0000;19,3496;171,4660;23,1312;213,9468;90310,3351;584927,6341;21976,9829;0,2573;0,4597;0,5178;49,9537;44,1056;47,0439;0,0421;0,2256;0,4321;16,5285;12,2523;4,3493;14817372,3445;1579612,1327;10230930,7867;384397,9627;2238033,4996;80333,4871;74189,0774;16926,4604;1,5659;148,0000;2007,0000;3,0000;6,0000;1,0000;14939766,9702;3,0000;0,2287;6,0000;20,0000;11,0000;6,0000;8,0000;0,2109;1,0000;0,9571;0,3678;0,8091;51,0000;0,0010;62,5291;0,8584;0,0012;0,0092;0,0131;0,0017;0,0519;0,0647;1,0000;81635,2342;59667,4041;16618,1817;61,9167;65,1522;61,2128;0,0000;0,0000;1,0000;0,0000;0,0000;0,0000;0,0000;0,0000;0,0000;0,0000;0,0000;0,0000;0,0000;0,0000;0,0000;0,0000;0,0000;0,0000;2004,5000;6,0000
887,0000;2900,0000;4,6911;246,0267;40,3222;291,0400;36533,0000;841802,8046;42596,3885;0,0000;0,3059;0,5657;55,7560;45,1864;44,4076;0,0000;0,2157;0,6031;20,6448;13,3662;3,3860;22055780,3398;642662,1081;14808385,9810;749324,8518;5106082,5471;81272,5159;75963,1277;17742,6778;1,7510;162,0000;2007,0000;4,0000;6,0000;1,0000;22130171,9829;3,0000;0,2350;9,0000;16,0000;18,0000;12,0000;10,0000;0,0000;0,0000;0,9838;0,2774;0,8820;65,0000;0,0183;64,4233;0,8824;0,0052;0,0052;0,0105;0,0327;0,0309;0,0331;1,0000;136996,9669;60190,1600;18583,4278;63,2231;66,2553;65,6809;0,0000;0,0000;0,0000;1,0000;0,0000;0,0000;0,0000;0,0000;0,0000;0,0000;0,0000;0,0000;0,0000;0,0000;0,0000;0,0000;0,0000;0,0000;2004,5000;6,0000
893,0000;1229,0000;7,2314;78,2573;11,2833;96,7720;36787,2943;284889,2125;10311,9080;0,0000;0,3251;0,6705;52,5356;42,7294;46,3590;0,0000;0,1535;0,6163;21,2767;11,1668;3,1608;7190971,6692;636141,5193;4926425,2787;178317,8943;1271769,0826;76896,9881;75031,0540;16396,1541;1,9020;164,0000;2007,0000;15,0000;8,0000;1,0000;7124771,3696;1,0000;0,1785;5,0000;12,0000;9,0000;8,0000;1,0000;0,0000;1,0000;0,9885;0,3771;0,9347;35,0000;2,6524;65,3860;0,9195;0,0000;0,0059;0,0044;0,0027;0,0308;0,0368;1,0000;87969,6498;62951,6122;15803,7224;64,6923;63,8364;67,4348;0,0000;0,0000;0,0000;0,0000;0,0000;0,0000;0,0000;0,0000;0,0000;0,0000;0,0000;0,0000;0,0000;0,0000;1,0000;0,0000;0,0000;0,0000;2004,5000;6,0000
905,0000;2014,0000;7,1625;146,2727;34,6461;188,0812;33482,6395;471081,2530;33372,0911;0,1116;0,4159;0,4236;51,4879;44,7754;43,6484;0,1203;0,2104;0,2219;14,4751;12,8615;2,5044;13936291,8230;696066,0078;9793243,6618;693767,8326;2059446,4882;74944,8176;68029,2875;14653,0916;1,7199;166,0000;2007,0000;18,0000;7,0000;17,0000;13780250,5613;3,0000;0,2090;7,0000;10,0000;13,0000;8,0000;5,0000;0,3184;0,0000;0,9691;0,4125;0,9164;43,0000;0,0010;63,9562;0,8358;0,0072;0,0245;0,0139;0,0155;0,0318;0,0713;1,0000;97181,9906;66951,9603;20024,4424;63,9455;64,7714;63,3617;0,0000;0,0000;0,0000;0,0000;0,0000;0,0000;0,0000;0,0000;0,0000;0,0000;0,0000;0,0000;0,0000;0,0000;0,0000;0,0000;0,0000;1,0000;2004,5000;6,0000
917,0000;3006,0000;11,0532;226,2314;49,2855;286,5701;57943,9907;745000,1244;52656,4945;0,0030;0,1539;0,6485;50,5311;39,3750;33,0950;0,0030;0,1412;0,2372;18,2540;10,1693;2,5842;21134048,2986;1113008,1511;14310219,2555;1011444,1009;3687932,6903;80492,2730;74679,6110;16539,8617;1,9010;169,0000;2007,0000;14,0000;6,0000;1,0000;21767249,8099;4,0000;0,1373;5,0000;12,0000;12,0000;9,0000;7,0000;0,3171;1,0000;0,9842;0,2732;0,9199;45,0000;0,3574;66,3225;0,9569;0,0003;0,0000;0,0118;0,0000;0,0099;0,0210;1,0000;100695,5966;63254,7880;20522,1418;66,5050;65,5200;66,3818;0,0000;0,0000;0,0000;0,0000;0,0000;0,0000;0,0000;0,0000;0,0000;0,0000;0,0000;0,0000;0,0000;1,0000;0,0000;0,0000;0,0000;0,0000;2004,5000;6,0000
923,0000;2334,0000;5,5907;231,1505;47,1433;283,8846;25158,2127;772920,3356;45967,1365;0,0000;0,4065;0,5867;44,5160;43,7003;43,7287;0,0695;0,1660;0,2352;19,0328;11,9125;2,5490;17422650,2998;416089,9494;12783276,2871;760247,3099;2702789,4436;77533,9341;75312,3874;16873,4239;1,7240;170,0000;2007,0000;17,0000;6,0000;1,0000;17895621,5328;1,0000;0,1862;7,0000;21,0000;23,0000;11,0000;8,0000;0,0000;1,0000;0,9808;0,5247;0,8614;70,0000;0,0000;65,7264;0,8652;0,0025;0,0110;0,0109;0,0000;0,0515;0,0590;1,0000;74425,1906;55302,8165;16126,3066;65,3125;67,5000;65,0222;0,0000;0,0000;0,0000;0,0000;0,0000;0,0000;0,0000;0,0000;0,0000;0,0000;0,0000;0,0000;0,0000;0,0000;0,0000;0,0000;1,0000;0,0000;2004,5000;6,0000
935,0000;1465,0000;4,7462;117,2674;15,1344;137,1480;28885,8297;403175,9412;11927,8078;0,0233;0,1965;0,7017;53,2205;44,4573;42,1520;0,0233;0,1475;0,5845;24,2827;11,9462;3,0053;10975575,8409;508295,1389;7094564,1231;209889,9966;2952936,5856;80492,2730;74679,6110;16539,8617;1,9367;172,0000;2007,0000;14,0000;6,0000;1,0000;10911332,0947;1,0000;0,1781;4,0000;18,0000;14,0000;6,0000;7,0000;0,0405;1,0000;0,9771;1,1241;0,8940;49,0000;0,0008;65,2955;0,9094;0,0000;0,0098;0,0095;0,0007;0,0356;0,0350;1,0000;107094,9448;60499,0256;13868,4127;67,2917;63,9091;64,4250;0,0000;0,0000;0,0000;0,0000;0,0000;0,0000;0,0000;0,0000;0,0000;0,0000;0,0000;0,0000;0,0000;1,0000;0,0000;0,0000;0,0000;0,0000;2004,5000;6,0000
941,0000;2533,0000;19,9631;208,0228;51,5886;279,5745;100415,7484;690929,1489;53774,7100;0,0659;0,4499;0,5264;49,5082;40,5930;44,8591;0,0000;0,2472;0,3460;17,2715;9,7864;2,5703;20836722,9133;1990503,2116;13696025,8948;1065955,6365;3018282,5339;82437,6443;75800,1749;16802,7336;1,7845;173,0000;2007,0000;6,0000;7,0000;8,0000;20501779,9508;1,0000;0,2568;10,0000;21,0000;15,0000;11,0000;6,0000;0,1898;0,0000;0,9649;0,3905;0,8409;63,0000;0,0403;64,1013;0,8123;0,0014;0,0034;0,0359;0,0297;0,0589;0,0584;1,0000;99709,0248;65839,0675;20662,6083;63,0351;63,3111;65,8214;0,0000;0,0000;0,0000;0,0000;0,0000;1,0000;0,0000;0,0000;0,0000;0,0000;0,0000;0,0000;0,0000;0,0000;0,0000;0,0000;0,0000;0,0000;2004,5000;6,0000
947,0000;1584,0000;4,0842;116,2614;25,1488;145,4944;13686,8550;391085,9232;24044,7231;0,0000;0,3049;0,7468;51,9333;45,3821;46,9349;0,0000;0,2378;0,6201;12,6333;10,0136;2,9413;10268956,0183;256755,3886;7336485,8602;451061,4177;1773591,9340;78354,7522;75733,7712;17161,3534;1,7323;174,0000;2007,0000;10,0000;7,0000;5,0000;10195362,6164;1,0000;0,2526;9,0000;10,0000;15,0000;4,0000;3,0000;0,4930;1,0000;0,9176;0,0723;0,8637;41,0000;0,0338;64,4559;0,7071;0,0000;0,0371;0,0575;0,0362;0,0740;0,0880;1,0000;62864,9824;63103,3896;17935,6998;66,1277;62,4783;64,7442;0,0000;0,0000;0,0000;0,0000;0,0000;0,0000;0,0000;0,0000;0,0000;1,0000;0,0000;0,0000;0,0000;0,0000;0,0000;0,0000;0,0000;0,0000;2004,5000;6,0000
959,0000;1343,0000;7,9917;99,9070;29,7953;137,6939;39045,8588;344490,7264;30758,5977;0,0000;0,3235;0,5251;55,3836;46,2249;42,8067;0,0347;0,1485;0,3096;19,0351;15,6294;2,9279;10741984,6146;824855,2048;7277467,5019;649784,3859;1340093,1360;74944,8176;68029,2875;14653,0916;1,7812;177,0000;2007,0000;18,0000;7,0000;5,0000;10367230,5250;1,0000;0,1831;8,0000;12,0000;11,0000;7,0000;3,0000;0,4061;1,0000;0,9784;0,3687;0,7562;41,0000;2,6524;66,9135;0,7876;0,0018;0,0206;0,0219;0,0224;0,0430;0,1027;1,0000;103214,6309;72842,3826;21808,3213;66,5455;68,2308;66,0370;0,0000;0,0000;0,0000;0,0000;0,0000;0,0000;0,0000;0,0000;0,0000;0,0000;0,0000;0,0000;0,0000;0,0000;0,0000;0,0000;0,0000;1,0000;2004,5000;6,0000
965,0000;976,0000;4,1787;66,1951;16,8178;87,1916;5277,7725;236401,6826;15063,8931;0,4549;0,4503;0,6518;55,7012;43,3708;40,1942;0,1280;0,2865;0,6968;19,9121;14,7791;3,2819;5981394,2428;98554,4441;4414444,9984;281295,4909;905803,8185;80333,4871;74189,0774;16926,4604;1,8274;178,0000;2007,0000;3,0000;8,0000;1,0000;5876182,1249;1,0000;0,3304;3,0000;6,0000;8,0000;1,0000;1,0000;0,2693;1,0000;0,8827;0,3217;0,7485;19,0000;2,6524;62,3000;0,8749;0,0000;0,0171;0,0128;0,0021;0,0352;0,0580;1,0000;23584,9618;66688,3842;16726,0670;60,1538;61,6538;63,2462;0,0000;0,0000;1,0000;0,0000;0,0000;0,0000;0,0000;0,0000;0,0000;0,0000;0,0000;0,0000;0,0000;0,0000;0,0000;0,0000;0,0000;0,0000;2004,5000;6,0000
971,0000;2835,0000;11,0000;188,1590;55,6835;254,8425;54799,0000;643916,0667;59978,4517;0,1508;0,3825;0,3955;53,9119;46,3797;38,5564;0,0070;0,1583;0,3079;20,3145;13,4614;2,0716;20203297,2033;1018519,8832;11968125,6401;1114787,5979;4987076,4842;80492,2730;74679,6110;16539,8617;1,9175;179,0000;2007,0000;14,0000;7,0000;1,0000;20066465,1269;3,0000;0,1602;6,0000;14,0000;13,0000;3,0000;3,0000;0,5346;1,0000;0,9215;0,4231;0,8253;39,0000;2,7059;64,2189;0,8072;0,0072;0,0231;0,0324;0,0273;0,0392;0,0636;1,0000;92592,7167;63606,4480;20020,0705;63,6803;62,2549;66,9833;0,0000;0,0000;0,0000;0,0000;0,0000;0,0000;0,0000;0,0000;0,0000;0,0000;0,0000;0,0000;0,0000;1,0000;0,0000;0,0000;0,0000;0,0000;2004,5000;6,0000
977,0000;1985,0000;5,4688;148,2639;24,4479;178,1806;31744,1496;504615,9569;23865,3567;0,0000;0,4837;0,7181;54,2000;43,2368;42,1493;0,0000;0,2815;0,3728;24,6000;11,9773;2,7538;12713509,7717;552457,2389;8782050,9286;415339,1809;2548323,2424;82403,4767;74814,4024;16832,3656;1,7664;180,0000;2007,0000;11,0000;7,0000;1,0000;12915718,8486;2,0000;0,2865;10,0000;21,0000;18,0000;10,0000;6,0000;0,7938;1,0000;0,9564;0,2813;0,8702;65,0000;0,0003;64,8611;0,7844;0,0007;0,0126;0,0247;0,0082;0,0547;0,1146;1,0000;101019,9779;59232,5685;16988,7330;64,9184;64,4884;65,1154;0,0000;0,0000;0,0000;0,0000;0,0000;0,0000;0,0000;0,0000;0,0000;0,0000;1,0000;0,0000;0,0000;0,0000;0,0000;0,0000;0,0000;0,0000;2004,5000;6,0000
1007,0000;815,0000;7,1505;77,5244;14,9553;99,6302;33735,4797;248187,2649;15018,7012;0,0000;0,3870;0,4571;55,0927;46,0347;45,3089;0,0000;0,1963;0,3949;23,1008;11,8303;2,3155;6304851,6595;567038,8131;4171626,2281;252440,0595;1061306,4993;75221,5403;74207,4852;16237,7614;1,7375;189,0000;2007,0000;16,0000;4,0000;2,0000;6420307,6559;1,0000;0,2137;3,0000;19,0000;20,0000;14,0000;5,0000;0,2297;1,0000;0,9909;0,6666;0,9320;61,0000;2,6524;61,7195;0,7153;0,0024;0,0244;0,0571;0,0575;0,0781;0,0653;1,0000;79300,9707;53810,4930;16879,6000;61,7195;#NULL!;#NULL!;0,0000;0,0000;0,0000;0,0000;0,0000;0,0000;0,0000;0,0000;0,0000;0,0000;0,0000;0,0000;0,0000;0,0000;0,0000;1,0000;0,0000;0,0000;2004,5000;6,0000
1019,0000;988,0000;4,2171;84,2494;20,8630;109,3295;16206,0444;287160,2363;19250,6794;0,1690;0,2786;0,3730;55,0714;47,3871;46,5046;0,0000;0,1324;0,3450;25,2833;15,1040;2,4410;7541912,9313;313669,5511;5558014,0462;372598,7548;925031,8244;76896,9881;75031,0540;16396,1541;1,6319;191,0000;2007,0000;15,0000;4,0000;31,0000;7427758,0714;2,0000;0,1912;4,0000;19,0000;12,0000;8,0000;3,0000;0,5137;0,0000;1,0000;0,2464;0,9777;46,0000;2,6524;62,6102;0,7553;0,0043;0,0105;0,0135;0,0594;0,0835;0,0735;1,0000;74381,0536;65970,9300;17859,3125;62,6102;#NULL!;#NULL!;0,0000;0,0000;0,0000;0,0000;0,0000;0,0000;0,0000;0,0000;0,0000;0,0000;0,0000;0,0000;0,0000;0,0000;1,0000;0,0000;0,0000;0,0000;2004,5000;6,0000
1031,0000;4983,0000;30,1891;384,5840;43,1716;457,9447;144215,7528;1319796,5906;46511,0067;0,0980;0,3802;0,4187;48,5323;45,0787;43,1908;0,0000;0,2418;0,3753;14,0504;12,6440;3,1201;33985021,9197;2620644,1538;23982936,3490;845183,6593;5691074,0983;81272,5159;75963,1277;17742,6778;1,7226;193,0000;2007,0000;4,0000;6,0000;14,0000;34467244,6179;6,0000;0,2292;5,0000;20,0000;16,0000;11,0000;7,0000;0,3278;1,0000;0,9807;0,3183;0,8665;59,0000;0,8648;64,6964;0,8462;0,0069;0,0089;0,0084;0,0428;0,0317;0,0552;1,0000;86807,5244;62360,7294;19577,3057;63,8496;66,7447;63,6875;0,0000;0,0000;0,0000;1,0000;0,0000;0,0000;0,0000;0,0000;0,0000;0,0000;0,0000;0,0000;0,0000;0,0000;0,0000;0,0000;0,0000;0,0000;2004,5000;6,0000
1043,0000;2609,0000;12,3367;207,2457;13,2493;232,8317;66964,3946;704062,1599;13506,3039;0,2784;0,3322;0,2814;52,6558;46,9057;27,8497;0,0085;0,2204;0,1657;26,1815;15,3789;2,2262;17622917,2067;1169115,2858;12292052,1865;235803,3160;3690143,1024;81272,5159;75963,1277;17742,6778;1,8966;196,0000;2007,0000;4,0000;7,0000;1,0000;18090153,7920;3,0000;0,2138;2,0000;15,0000;16,0000;5,0000;5,0000;0,1191;1,0000;0,9495;0,4107;0,8349;43,0000;0,0016;65,1942;0,8503;0,0026;0,0086;0,0029;0,0444;0,0393;0,0520;1,0000;94767,1558;59311,5043;17797,4149;65,7358;64,6383;64,6038;0,0000;0,0000;0,0000;1,0000;0,0000;0,0000;0,0000;0,0000;0,0000;0,0000;0,0000;0,0000;0,0000;0,0000;0,0000;0,0000;0,0000;0,0000;2004,5000;6,0000
1067,0000;2626,0000;7,3542;187,7073;44,0238;239,0853;36381,4526;669700,9643;41673,0292;0,2143;0,4710;0,5952;51,4857;46,3905;43,5954;0,0000;0,2011;0,4041;21,1286;15,4627;2,8671;20448657,4033;776254,1762;14289098,7754;889158,0900;3604988,2716;80492,2730;74679,6110;16539,8617;2,2556;201,0000;2007,0000;14,0000;7,0000;1,0000;20068080,2881;2,0000;0,2176;11,0000;20,0000;21,0000;10,0000;7,0000;0,3171;1,0000;0,9667;0,2732;0,8168;69,0000;1,5225;64,4551;0,8072;0,0000;0,0141;0,0203;0,0199;0,0554;0,0831;1,0000;105551,8439;76124,3772;20197,2192;64,6346;64,3404;64,3860;0,0000;0,0000;0,0000;0,0000;0,0000;0,0000;0,0000;0,0000;0,0000;0,0000;0,0000;0,0000;0,0000;1,0000;0,0000;0,0000;0,0000;0,0000;2004,5000;6,0000
1115,0000;2879,0000;21,2937;189,5680;28,4641;239,3258;105930,6041;642301,1823;31138,3495;0,1508;0,3333;0,3168;53,1108;45,4821;23,1406;0,0043;0,1985;0,2541;19,7862;14,3266;1,9136;19148593,7889;2050950,3530;12435762,5227;602877,7943;3456125,3246;76896,9881;75031,0540;16396,1541;1,6892;211,0000;2007,0000;15,0000;6,0000;1,0000;19172526,3789;2,0000;0,2180;12,0000;18,0000;20,0000;9,0000;3,0000;0,0000;1,0000;0,9366;0,3409;0,7696;62,0000;0,2731;64,2679;0,8552;0,0000;0,0084;0,0232;0,0219;0,0416;0,0496;1,0000;96317,1990;65600,5367;21180,3193;64,5641;65,1951;62,8431;0,0000;0,0000;0,0000;0,0000;0,0000;0,0000;0,0000;0,0000;0,0000;0,0000;0,0000;0,0000;0,0000;0,0000;1,0000;0,0000;0,0000;0,0000;2004,5000;6,0000
1169,0000;1407,0000;5,0000;84,6964;24,9218;114,6182;22634,0636;294269,9921;23439,9381;0,0857;0,3160;0,6748;50,3429;46,8526;44,1316;0,0000;0,2868;0,1851;15,5250;13,6945;1,7676;11287744,8564;575434,2739;7481336,2090;595922,3247;2039129,7242;77571,3142;73256,5805;16648,3790;2,3610;229,0000;2007,0000;5,0000;8,0000;2,0000;11087986,4867;1,0000;0,2892;4,0000;17,0000;14,0000;6,0000;5,0000;0,5623;1,0000;0,9484;0,1286;0,8077;46,0000;2,6524;63,7615;0,8733;0,0000;0,0178;0,0052;0,0238;0,0333;0,0465;1,0000;115086,8548;88331,2449;23911,6887;#NULL!;#NULL!;#NULL!;0,0000;0,0000;0,0000;0,0000;1,0000;0,0000;0,0000;0,0000;0,0000;0,0000;0,0000;0,0000;0,0000;0,0000;0,0000;0,0000;0,0000;0,0000;2004,5000;6,0000
1175,0000;2346,0000;7,4299;164,3193;15,1602;186,9094;39200,9141;523154,8396;17018,9852;0,3458;0,4393;0,7284;52,4142;41,1127;43,8589;0,0034;0,2115;0,7324;19,7615;9,9517;2,1949;13881459,9579;716476,8716;9561724,5525;311056,7592;2981145,0153;82403,4767;74814,4024;16832,3656;1,8222;231,0000;2007,0000;11,0000;7,0000;1,0000;14245304,3452;1,0000;0,2255;7,0000;23,0000;19,0000;12,0000;6,0000;0,7938;1,0000;0,9738;0,2813;0,8505;67,0000;0,0557;63,6767;0,8508;0,0000;0,0166;0,0248;0,0198;0,0439;0,0442;1,0000;96431,9915;58189,8907;20518,0241;63,5962;63,6429;63,8205;0,0000;0,0000;0,0000;0,0000;0,0000;0,0000;0,0000;0,0000;0,0000;0,0000;1,0000;0,0000;0,0000;0,0000;0,0000;0,0000;0,0000;0,0000;2004,5000;6,0000
1193,0000;1257,0000;12,9456;106,1206;14,0871;133,1533;62989,5008;381086,6770;12790,3484;0,1683;0,3289;0,5791;53,7611;49,0534;48,2189;0,0113;0,1309;0,3057;22,5911;16,8083;4,9169;9459816,5186;1070210,0493;6474774,1534;217311,7625;1480208,7909;75483,6210;72761,6682;16051,7808;1,7037;235,0000;2007,0000;13,0000;7,0000;6,0000;9595214,5502;2,0000;0,1348;1,0000;11,0000;13,0000;6,0000;3,0000;0,0270;1,0000;0,9707;0,6282;0,7717;34,0000;0,1766;61,4222;0,7939;0,0000;0,0213;0,0259;0,0186;0,0659;0,0743;1,0000;82669,6485;61013,3508;15426,3333;62,3469;63,3529;59,2885;0,0000;0,0000;0,0000;0,0000;0,0000;0,0000;0,0000;0,0000;0,0000;0,0000;0,0000;0,0000;1,0000;0,0000;0,0000;0,0000;0,0000;0,0000;2004,5000;6,0000
1229,0000;2219,0000;8,6766;158,7461;42,7359;210,1585;40244,9768;529546,1728;52107,6342;0,1246;0,4047;0,5498;53,1158;43,8001;42,9664;0,0000;0,1917;0,4092;19,0933;12,8839;2,6315;15490944,4444;800258,6994;10529859,0191;1036143,9103;2088538,9053;77533,9341;75312,3874;16873,4239;1,6654;244,0000;2007,0000;17,0000;6,0000;31,0000;15037921,6427;2,0000;0,2306;12,0000;19,0000;16,0000;13,0000;7,0000;0,0000;0,0000;0,9955;0,6107;0,9009;67,0000;0,0233;65,4127;0,8715;0,0005;0,0019;0,0047;0,0099;0,0491;0,0624;1,0000;92231,7209;66331,4649;24245,3021;66,2697;64,4468;64,8302;0,0000;0,0000;0,0000;0,0000;0,0000;0,0000;0,0000;0,0000;0,0000;0,0000;0,0000;0,0000;0,0000;0,0000;0,0000;0,0000;1,0000;0,0000;2004,5000;6,0000
1241,0000;1394,0000;10,1510;115,4791;22,2341;147,8642;46494,3427;382920,2401;25479,0865;0,1674;0,4515;0,5423;49,9745;43,0309;44,4147;0,0033;0,3673;0,2863;14,6144;9,5254;2,4686;22882717,9508;1879580,2030;15479932,8404;1030017,4991;3463169,9092;90013,1073;84017,4416;19010,3443;1,8414;247,0000;2007,0000;1,0000;7,0000;6,0000;22170763,9332;3,0000;0,3291;6,0000;20,0000;15,0000;10,0000;7,0000;0,7316;1,0000;0,9695;0,1101;0,7773;58,0000;8,7242;60,5287;0,6662;0,0039;0,0521;0,0755;0,0345;0,0848;0,0829;1,0000;185162,7400;134049,6372;46325,9714;60,9167;62,7105;58,1622;1,0000;0,0000;0,0000;0,0000;0,0000;0,0000;0,0000;0,0000;0,0000;0,0000;0,0000;0,0000;0,0000;0,0000;0,0000;0,0000;0,0000;0,0000;2004,5000;6,0000
1247,0000;1436,0000;6,1716;126,8079;9,6369;142,6164;33822,7932;437987,2059;21861,2710;0,3267;0,3028;0,3457;52,1933;46,5269;47,9368;0,0000;0,2089;0,3003;21,4600;14,0427;3,5973;10118232,6252;546089,6770;7071571,2430;352963,5875;1794644,5301;77233,1566;72764,3523;16165,2265;1,7971;249,0000;2007,0000;2,0000;7,0000;1,0000;9942531,2720;2,0000;0,2037;3,0000;21,0000;13,0000;6,0000;7,0000;0,0659;1,0000;0,9500;0,6466;0,8193;50,0000;0,0032;62,2781;0,7947;0,0059;0,0175;0,0396;0,0122;0,0510;0,0791;1,0000;88484,4089;55766,0209;36626,3430;59,8061;62,1333;67,9318;0,0000;1,0000;0,0000;0,0000;0,0000;0,0000;0,0000;0,0000;0,0000;0,0000;0,0000;0,0000;0,0000;0,0000;0,0000;0,0000;0,0000;0,0000;2004,5000;6,0000
1253,0000;2601,0000;7,3933;192,1492;17,6143;217,1569;45440,0974;649098,2820;17811,1705;0,3096;0,4317;0,5174;51,5746;44,7386;45,9408;0,0119;0,2707;0,2157;9,4241;12,4164;2,9059;15900955,1825;821512,9120;11735067,7097;322008,6967;2700357,1674;77233,1566;72764,3523;16165,2265;1,8170;250,0000;2007,0000;2,0000;7,0000;2,0000;16057950,3475;4,0000;0,2566;4,0000;20,0000;7,0000;8,0000;1,0000;0,2934;1,0000;0,9239;0,2338;0,7742;40,0000;0,5497;63,9703;0,7947;0,0027;0,0187;0,0166;0,0428;0,0601;0,0643;1,0000;111115,4396;61072,6891;18281,0572;62,6517;65,5714;64,4561;0,0000;1,0000;0,0000;0,0000;0,0000;0,0000;0,0000;0,0000;0,0000;0,0000;0,0000;0,0000;0,0000;0,0000;0,0000;0,0000;0,0000;0,0000;2004,5000;6,0000
1259,0000;741,0000;7,9000;71,5383;25,9893;105,4276;37891,7000;238027,4844;24190,8810;0,1513;0,3428;0,2937;51,4027;45,3325;45,5331;0,0000;0,4340;0,1772;13,5211;13,3855;2,3416;7581075,4198;796556,2971;5003794,8034;508538,7731;763646,7730;82437,6443;75800,1749;16802,7336;1,6129;251,0000;2007,0000;6,0000;8,0000;6,0000;7290627,5346;1,0000;0,3396;7,0000;18,0000;14,0000;10,0000;5,0000;0,8076;0,0000;0,8843;0,0621;0,8187;54,0000;2,6524;64,2661;0,7166;0,0074;0,0443;0,0314;0,0454;0,0834;0,0714;1,0000;100829,9110;69945,6767;19567,2363;#NULL!;62,8421;65,4776;0,0000;0,0000;0,0000;0,0000;0,0000;1,0000;0,0000;0,0000;0,0000;0,0000;0,0000;0,0000;0,0000;0,0000;0,0000;0,0000;0,0000;0,0000;2004,5000;6,0000
1283,0000;3378,0000;13,3639;280,3988;58,8320;352,5947;62270,2809;957260,7046;55639,0398;0,0000;0,3435;0,4383;51,4126;45,8234;46,9166;0,0000;0,2631;0,3834;16,0988;13,0705;3,0721;23878012,4022;1084545,7067;16672367,1752;969051,0595;4182997,4014;78424,9292;74204,4333;17063,2872;1,7431;256,0000;2007,0000;8,0000;7,0000;4,0000;24067798,0345;4,0000;0,2677;2,0000;12,0000;17,0000;6,0000;4,0000;0,7535;1,0000;0,9156;0,1438;0,8337;41,0000;1,3261;63,2270;0,7244;0,0077;0,0319;0,0183;0,0461;0,0851;0,0864;1,0000;81155,1783;59459,4796;16471,4961;62,5256;62,1034;64,5299;0,0000;0,0000;0,0000;0,0000;0,0000;0,0000;0,0000;1,0000;0,0000;0,0000;0,0000;0,0000;0,0000;0,0000;0,0000;0,0000;0,0000;0,0000;2004,5000;6,0000
1319,0000;1026,0000;6,4598;71,3671;17,5431;95,3700;31705,9580;248378,4544;14911,7749;0,2500;0,3684;0,7020;52,7500;45,7429;47,9675;0,0000;0,2196;0,6412;24,2500;14,4755;3,4679;6746384,7621;582083,2824;4559929,8990;273762,2642;1056847,0524;76896,9881;75031,0540;16396,1541;1,8481;264,0000;2007,0000;15,0000;7,0000;4,0000;7023620,1321;1,0000;0,2637;8,0000;22,0000;18,0000;10,0000;5,0000;0,5599;0,0000;0,9216;0,0587;0,8169;63,0000;2,6524;65,7132;0,7721;0,0000;0,0270;0,0341;0,0483;0,0505;0,0680;1,0000;90108,0409;63894,0206;15605,1432;64,6364;63,9444;67,3906;0,0000;0,0000;0,0000;0,0000;0,0000;0,0000;0,0000;0,0000;0,0000;0,0000;0,0000;0,0000;0,0000;0,0000;1,0000;0,0000;0,0000;0,0000;2004,5000;6,0000
1337,0000;2345,0000;9,4244;196,2007;12,2132;217,8383;47236,9851;666385,0203;12961,1642;0,0599;0,3714;0,5794;50,1151;45,2402;43,7756;0,0359;0,2715;0,5714;15,8231;12,8095;2,9185;15984158,9554;864711,7438;12198724,2015;237264,7386;2446193,5328;82437,6443;75800,1749;16802,7336;1,8140;267,0000;2007,0000;6,0000;7,0000;4,0000;16423058,7887;2,0000;0,2774;4,0000;9,0000;13,0000;7,0000;4,0000;0,0000;1,0000;0,9756;0,2263;0,8629;37,0000;0,0201;63,5204;0,8003;0,0067;0,0110;0,0089;0,0714;0,0323;0,0696;1,0000;91752,5190;62174,7332;19426,8809;63,0909;65,4737;62,9583;0,0000;0,0000;0,0000;0,0000;0,0000;1,0000;0,0000;0,0000;0,0000;0,0000;0,0000;0,0000;0,0000;0,0000;0,0000;0,0000;0,0000;0,0000;2004,5000;6,0000
1361,0000;494,0000;2,0000;27,3683;6,9613;36,3296;9076,7500;90906,5140;6750,4423;0,5000;0,3353;0,1739;57,5000;42,0360;27,2178;0,0000;0,4496;0,1739;8,5000;10,8413;1,8490;2877589,1392;181136,7916;1814142,0971;134712,6958;612884,8589;77233,1566;72764,3523;16165,2265;1,7618;271,0000;2007,0000;2,0000;10,0000;3,0000;2903887,3080;1,0000;0,4044;6,0000;14,0000;12,0000;8,0000;4,0000;0,6433;1,0000;0,9412;0,1083;0,8550;44,0000;2,6524;67,2432;0,8659;0,0062;0,0000;0,0062;0,0123;0,0402;0,0691;1,0000;90568,3958;66286,3485;19351,6578;#NULL!;#NULL!;67,2432;0,0000;1,0000;0,0000;0,0000;0,0000;0,0000;0,0000;0,0000;0,0000;0,0000;0,0000;0,0000;0,0000;0,0000;0,0000;0,0000;0,0000;0,0000;2004,5000;6,0000
1385,0000;598,0000;4,6321;35,4969;5,8351;45,9641;12498,6744;131746,5603;7393,1072;0,2997;0,4251;0,3594;50,2445;45,5588;36,3143;0,1572;0,4394;0,2173;14,5293;10,6171;3,0871;3946680,9776;233005,1315;2456070,4360;137825,1705;981955,0690;78424,9292;74204,4333;17063,2872;1,6679;280,0000;2007,0000;8,0000;10,0000;4,0000;4079482,5443;1,0000;0,3863;6,0000;16,0000;13,0000;10,0000;5,0000;0,8067;1,0000;0,9756;0,0347;0,9455;50,0000;2,6524;66,4833;0,8025;0,0000;0,0161;0,0213;0,0232;0,0376;0,0993;1,0000;50302,4579;69191,2097;23619,8382;#NULL!;#NULL!;66,4833;0,0000;0,0000;0,0000;0,0000;0,0000;0,0000;0,0000;1,0000;0,0000;0,0000;0,0000;0,0000;0,0000;0,0000;0,0000;0,0000;0,0000;0,0000;2004,5000;6,0000
1391,0000;941,0000;5,4008;77,6086;12,1904;95,1998;26658,0761;270857,1457;9813,1808;0,0000;0,4324;0,6051;47,1852;47,1934;42,7385;0,0000;0,2228;0,4435;18,2324;15,2393;3,0111;6443993,1807;470303,1867;4778476,0730;173124,6535;848964,6141;82403,4767;74814,4024;16832,3656;1,7441;284,0000;2007,0000;11,0000;7,0000;1,0000;6502829,2495;2,0000;0,2378;6,0000;18,0000;18,0000;8,0000;6,0000;0,0000;1,0000;0,9895;0,8204;0,9075;56,0000;0,0011;67,0968;0,8338;0,0014;0,0205;0,0028;0,0083;0,0575;0,0758;1,0000;87079,6913;61571,5156;14201,7053;68,6667;64,8269;67,7755;0,0000;0,0000;0,0000;0,0000;0,0000;0,0000;0,0000;0,0000;0,0000;0,0000;1,0000;0,0000;0,0000;0,0000;0,0000;0,0000;0,0000;0,0000;2004,5000;6,0000
1397,0000;942,0000;8,9088;61,5384;6,1054;76,5527;38940,5329;209455,3705;6980,0479;0,2667;0,3886;0,1902;52,6536;44,8599;23,2946;0,0000;0,2073;0,1106;8,1796;7,6484;1,6778;5533096,4025;630306,1682;3390323,7121;112981,6903;1286503,1415;80492,2730;74679,6110;16539,8617;1,6756;285,0000;2007,0000;14,0000;7,0000;1,0000;5551407,2859;1,0000;0,1843;3,0000;9,0000;8,0000;5,0000;2,0000;0,0405;1,0000;0,9576;1,1241;0,8131;27,0000;0,0522;63,2308;0,8281;0,0000;0,0040;0,0104;0,0025;0,1002;0,0549;1,0000;70750,6564;55092,7709;18505,1710;64,8710;62,3529;62,6923;0,0000;0,0000;0,0000;0,0000;0,0000;0,0000;0,0000;0,0000;0,0000;0,0000;0,0000;0,0000;0,0000;1,0000;0,0000;0,0000;0,0000;0,0000;2004,5000;6,0000
1409,0000;1569,0000;9,4474;120,8690;15,2253;145,5417;47515,2810;426452,5210;16106,7932;0,0248;0,2719;0,6415;56,6538;48,7195;46,2185;0,0000;0,1455;0,4140;24,1593;15,8129;3,2136;11219821,3782;906686,2144;8137563,6117;307349,6995;1560872,1531;75483,6210;72761,6682;16051,7808;1,6821;288,0000;2007,0000;13,0000;7,0000;1,0000;11105993,4801;2,0000;0,1486;4,0000;2,0000;3,0000;0,0000;1,0000;0,2611;1,0000;0,9495;0,4163;0,7380;10,0000;0,0689;64,8583;0,8405;0,0000;0,0077;0,0321;0,0059;0,0502;0,0636;1,0000;95971,8188;67325,4783;20186,7807;65,7609;62,4286;66,4103;0,0000;0,0000;0,0000;0,0000;0,0000;0,0000;0,0000;0,0000;0,0000;0,0000;0,0000;0,0000;1,0000;0,0000;0,0000;0,0000;0,0000;0,0000;2004,5000;6,0000
1419,0000;870,0000;3,9667;93,5606;19,0474;116,5746;18561,6088;316305,8074;18179,8389;0,2673;0,3805;0,4906;50,2739;46,8116;46,1185;0,1196;0,2633;0,2911;21,1343;12,4736;2,6214;8072198,2971;362604,1425;6179087,0142;355146,2028;820214,7349;74944,8176;68029,2875;14653,0916;1,6751;290,0000;2007,0000;18,0000;7,0000;5,0000;7885374,1696;2,0000;0,2539;5,0000;18,0000;20,0000;11,0000;4,0000;0,4061;1,0000;0,9417;0,3687;0,8206;58,0000;9,0024;64,0210;0,5282;0,0233;0,0493;0,0313;0,1220;0,0867;0,1592;1,0000;91413,1931;66043,6873;18645,3907;65,3404;64,5208;62,2292;0,0000;0,0000;0,0000;0,0000;0,0000;0,0000;0,0000;0,0000;0,0000;0,0000;0,0000;0,0000;0,0000;0,0000;0,0000;0,0000;0,0000;1,0000;2004,5000;6,0000
1437,0000;1350,0000;4,3558;126,1893;18,1604;148,7056;10259,5857;429339,7076;20485,0433;0,0000;0,4221;0,5302;56,7500;44,5387;45,6473;0,0000;0,2048;0,3685;20,7000;12,0337;2,9032;10575220,1108;192454,8142;8053784,6312;384269,4355;1560441,7944;81272,5159;75963,1277;17742,6778;1,7841;294,0000;2007,0000;4,0000;6,0000;2,0000;10586848,3409;2,0000;0,2053;4,0000;13,0000;14,0000;5,0000;5,0000;0,0603;1,0000;0,9450;0,2263;0,8237;41,0000;0,0837;64,3987;0,8191;0,0030;0,0091;0,0139;0,0312;0,0601;0,0636;1,0000;44183,2929;63823,0174;21159,7109;65,9216;63,9773;63,3793;0,0000;0,0000;0,0000;1,0000;0,0000;0,0000;0,0000;0,0000;0,0000;0,0000;0,0000;0,0000;0,0000;0,0000;0,0000;0,0000;0,0000;0,0000;2004,5000;6,0000
1479,0000;1616,0000;4,0000;122,4864;25,5116;151,9981;19112,2500;401127,3631;23615,2594;0,2583;0,3379;0,4684;55,3750;45,1358;47,6388;0,0000;0,1685;0,3976;21,1417;12,6356;2,7640;11070380,2965;387970,6204;8142716,4217;479379,8129;1580933,6286;74944,8176;68029,2875;14653,0916;1,7649;303,0000;2007,0000;18,0000;7,0000;5,0000;10915373,8544;2,0000;0,1977;7,0000;15,0000;10,0000;2,0000;2,0000;0,0000;0,0000;0,9713;0,2263;0,8383;36,0000;0,0340;63,6667;0,7945;0,0083;0,0008;0,0062;0,0035;0,0447;0,1419;1,0000;96992,6551;66478,5108;18790,6240;63,3000;64,2432;63,6842;0,0000;0,0000;0,0000;0,0000;0,0000;0,0000;0,0000;0,0000;0,0000;0,0000;0,0000;0,0000;0,0000;0,0000;0,0000;0,0000;0,0000;1,0000;2004,5000;6,0000
1491,0000;4294,0000;39,6756;372,1948;66,6013;478,4717;191145,4141;1249745,0481;62244,2947;0,1549;0,4246;0,5587;50,3745;41,8023;44,7176;0,0149;0,1829;0,4355;19,5448;9,3859;2,4616;30415692,2613;2931705,5781;19168048,2976;954676,0344;6406586,3167;75483,6210;72761,6682;16051,7808;1,8740;306,0000;2007,0000;13,0000;7,0000;10,0000;30596619,2395;6,0000;0,1913;12,0000;25,0000;14,0000;9,0000;8,0000;0,9131;1,0000;0,9283;0,0342;0,7067;68,0000;12,0583;62,1393;0,5475;0,0006;0,0451;0,1142;0,1298;0,0907;0,0721;1,0000;73891,9618;51500,0430;14334,1952;60,5964;63,0900;63,7500;0,0000;0,0000;0,0000;0,0000;0,0000;0,0000;0,0000;0,0000;0,0000;0,0000;0,0000;0,0000;1,0000;0,0000;0,0000;0,0000;0,0000;0,0000;2004,5000;6,0000
1503,0000;1835,0000;5,9278;144,1369;25,7006;175,7653;29363,6070;492649,7936;24895,9321;0,2690;0,3333;0,6340;56,1464;44,6046;48,2522;0,0000;0,1600;0,5757;25,9429;15,3735;3,0619;11562237,5584;524686,8407;8802967,0124;444855,7003;1344872,3048;75483,6210;72761,6682;16051,7808;1,6057;309,0000;2007,0000;13,0000;7,0000;1,0000;11574651,3713;2,0000;0,1896;2,0000;12,0000;16,0000;8,0000;3,0000;0,6506;1,0000;0,9580;0,6369;0,8749;41,0000;0,3342;66,8409;0,8298;0,0000;0,0203;0,0146;0,0158;0,0492;0,0702;1,0000;88512,8421;61073,6443;17309,1732;64,8333;67,6829;68,8378;0,0000;0,0000;0,0000;0,0000;0,0000;0,0000;0,0000;0,0000;0,0000;0,0000;0,0000;0,0000;1,0000;0,0000;0,0000;0,0000;0,0000;0,0000;2004,5000;6,0000
1527,0000;1352,0000;5,1758;83,3142;17,2652;105,7551;20371,7625;307986,8674;15364,8670;0,0000;0,3146;0,5443;50,7300;45,0856;47,5142;0,0000;0,2532;0,5321;16,0600;14,2742;3,4671;7913673,7643;370259,5179;5597702,6557;279258,5198;1387194,5511;76896,9881;75031,0540;16396,1541;1,8635;313,0000;2007,0000;15,0000;9,0000;4,0000;8333646,8916;1,0000;0,2616;4,0000;9,0000;10,0000;5,0000;4,0000;0,5599;1,0000;0,9910;0,0587;0,8741;32,0000;2,6524;64,9913;0,8520;0,0105;0,0128;0,0136;0,0021;0,0340;0,0750;1,0000;71537,3283;67187,8767;16174,6752;#NULL!;67,3600;63,1692;0,0000;0,0000;0,0000;0,0000;0,0000;0,0000;0,0000;0,0000;0,0000;0,0000;0,0000;0,0000;0,0000;0,0000;1,0000;0,0000;0,0000;0,0000;2004,5000;6,0000
1551,0000;1342,0000;3,7500;87,2505;12,9213;103,9218;18176,7500;281650,3798;12860,3055;0,0000;0,3735;0,5119;47,6250;40,7807;43,1515;0,0000;0,1648;0,4642;19,7500;9,7217;2,3607;9221421,4320;437476,8747;6778743,6086;309521,0235;1386158,9018;74944,8176;68029,2875;14653,0916;1,7363;317,0000;2007,0000;18,0000;8,0000;17,0000;9273933,8127;1,0000;0,1790;3,0000;12,0000;6,0000;2,0000;4,0000;0,5443;1,0000;0,9472;0,1105;0,7800;27,0000;2,6524;63,0111;0,8161;0,0026;0,0074;0,0132;0,0216;0,0366;0,1025;1,0000;116660,4999;77692,8913;23954,3253;63,4545;62,6000;63,3077;0,0000;0,0000;0,0000;0,0000;0,0000;0,0000;0,0000;0,0000;0,0000;0,0000;0,0000;0,0000;0,0000;0,0000;0,0000;0,0000;0,0000;1,0000;2004,5000;6,0000
1575,0000;1633,0000;4,2402;129,6390;24,6030;158,4822;13410,5017;410234,0940;28189,7380;0,0000;0,3850;0,5732;49,8927;42,7579;48,3019;0,0000;0,3781;0,4535;13,2838;7,6814;3,7823;11201189,3573;255471,2178;7814994,9665;537016,9470;2056689,2789;83087,6455;78046,4358;17866,7317;1,8659;321,0000;2007,0000;12,0000;7,0000;1,0000;11056738,0505;3,0000;0,3689;9,0000;21,0000;11,0000;9,0000;7,0000;0,9103;1,0000;0,9306;0,0211;0,8399;57,0000;2,6524;62,6534;0,7554;0,0037;0,0260;0,0231;0,0085;0,0534;0,1299;1,0000;60250,3991;60282,7502;21827,2510;67,0000;63,4889;61,3875;0,0000;0,0000;0,0000;0,0000;0,0000;0,0000;0,0000;0,0000;0,0000;0,0000;0,0000;1,0000;0,0000;0,0000;0,0000;0,0000;0,0000;0,0000;2004,5000;6,0000
1611,0000;1219,0000;6,1000;104,4181;8,5079;119,0259;31028,2937;365498,6389;28229,6372;0,1697;0,3648;0,4603;48,8644;46,8937;43,5095;0,0000;0,2026;0,2239;12,2107;14,1050;2,1684;8967242,1387;516001,8057;6078257,4605;469460,0328;1434062,8070;80492,2730;74679,6110;16539,8617;1,8221;328,0000;2007,0000;14,0000;7,0000;1,0000;8801587,9096;1,0000;0,1936;6,0000;18,0000;15,0000;7,0000;4,0000;0,4910;1,0000;0,9661;0,2221;0,8051;50,0000;4,3153;63,9167;0,6724;0,0000;0,0534;0,0402;0,0442;0,0892;0,1007;1,0000;84590,3681;58210,7874;55179,4577;62,7778;69,0513;60,3590;0,0000;0,0000;0,0000;0,0000;0,0000;0,0000;0,0000;0,0000;0,0000;0,0000;0,0000;0,0000;0,0000;1,0000;0,0000;0,0000;0,0000;0,0000;2004,5000;6,0000
1647,0000;1777,0000;4,7252;122,3267;16,9068;143,9586;24304,6000;418037,1456;18418,3099;0,2490;0,4405;0,5828;49,6054;42,7563;46,6676;0,0000;0,3065;0,4587;12,4933;10,2090;3,4707;10374283,2169;431495,0629;7421680,0292;326992,0004;1867124,1241;77571,3142;73256,5805;16648,3790;1,9303;337,0000;2007,0000;5,0000;8,0000;1,0000;10596200,1400;2,0000;0,3022;3,0000;13,0000;9,0000;4,0000;4,0000;0,3769;1,0000;0,9356;0,2376;0,8219;33,0000;2,6524;66,6696;0,8075;0,0000;0,0181;0,0150;0,0392;0,0461;0,0741;1,0000;91318,2889;60670,9975;19340,8526;64,1818;66,0278;68,1111;0,0000;0,0000;0,0000;0,0000;1,0000;0,0000;0,0000;0,0000;0,0000;0,0000;0,0000;0,0000;0,0000;0,0000;0,0000;0,0000;0,0000;0,0000;2004,5000;6,0000
1675,0000;1467,0000;9,6716;152,7791;21,2429;183,6936;42235,7596;528203,2074;21150,2342;0,2686;0,4160;0,4832;51,9636;46,2618;47,7383;0,0830;0,1856;0,3989;13,6751;11,4158;3,0086;12841588,6666;704332,6524;8808430,8006;352705,8748;2623413,4641;78354,7522;75733,7712;17161,3534;1,4347;343,0000;2007,0000;10,0000;7,0000;7,0000;12747968,0966;5,0000;0,1949;3,0000;12,0000;6,0000;4,0000;2,0000;0,9688;1,0000;0,9081;0,0673;0,7948;27,0000;18,4447;62,0986;0,0877;0,0123;0,0500;0,1577;0,4613;0,1625;0,0685;1,0000;72824,7069;57654,6962;16603,4598;62,5135;61,0313;62,1944;0,0000;0,0000;0,0000;0,0000;0,0000;0,0000;0,0000;0,0000;0,0000;1,0000;0,0000;0,0000;0,0000;0,0000;0,0000;0,0000;0,0000;0,0000;2004,5000;6,0000
1711,0000;2159,0000;15,8000;144,5150;28,9211;189,2361;71353,1800;472475,0655;27598,8999;0,1861;0,3414;0,5270;50,8923;44,5093;47,0995;0,0458;0,2617;0,3780;14,7810;12,5584;3,0901;15410087,3205;1553173,9562;10284558,6779;600756,5811;2370841,5242;82437,6443;75800,1749;16802,7336;1,7613;349,0000;2007,0000;6,0000;7,0000;6,0000;15482142,9933;2,0000;0,2717;4,0000;12,0000;13,0000;7,0000;1,0000;0,0000;1,0000;0,9615;0,5521;0,8497;37,0000;0,0006;64,1616;0,8718;0,0005;0,0076;0,0036;0,0273;0,0322;0,0570;1,0000;98302,1491;71166,0290;20772,2590;64,4767;64,7692;63,1833;0,0000;0,0000;0,0000;0,0000;0,0000;1,0000;0,0000;0,0000;0,0000;0,0000;0,0000;0,0000;0,0000;0,0000;0,0000;0,0000;0,0000;0,0000;2004,5000;6,0000
1765,0000;3861,0000;25,0947;313,1004;26,8619;365,0570;110646,0162;1036600,8401;28026,0063;0,1120;0,3918;0,4809;51,5499;44,8621;41,1330;0,0518;0,2138;0,3334;20,3659;13,0534;2,5492;25560906,7325;1999888,4597;18736201,5272;506560,3668;3811696,0120;75483,6210;72761,6682;16051,7808;1,5965;360,0000;2007,0000;13,0000;7,0000;2,0000;26007211,1466;6,0000;0,2070;4,0000;8,0000;8,0000;8,0000;2,0000;0,9447;0,0000;0,9526;0,2799;0,8255;30,0000;4,5732;62,8477;0,6427;0,0014;0,0385;0,0505;0,1194;0,0771;0,0705;1,0000;79693,5078;59840,8822;18857,9814;60,7486;65,4337;64,7209;0,0000;0,0000;0,0000;0,0000;0,0000;0,0000;0,0000;0,0000;0,0000;0,0000;0,0000;0,0000;1,0000;0,0000;0,0000;0,0000;0,0000;0,0000;2004,5000;6,0000
1807,0000;2529,0000;6,5563;207,8771;23,8617;238,2951;35096,9030;712963,5219;24601,4344;0,2162;0,3457;0,7538;51,1611;46,3852;49,5192;0,0483;0,1999;0,5640;22,3010;13,5495;2,6621;17341477,5377;612476,6205;12441937,9221;429320,0287;3428422,9377;78776,2512;72907,6187;16261,1993;1,8077;367,0000;2007,0000;9,0000;7,0000;1,0000;18380058,2315;1,0000;0,2188;8,0000;17,0000;10,0000;5,0000;7,0000;0,0566;1,0000;0,9494;0,9370;0,8587;47,0000;0,0386;64,2727;0,8359;0,0023;0,0084;0,0137;0,0137;0,0361;0,0900;1,0000;93418,1979;59852,3677;17992,0209;63,7353;63,7838;65,3878;0,0000;0,0000;0,0000;0,0000;0,0000;0,0000;0,0000;0,0000;1,0000;0,0000;0,0000;0,0000;0,0000;0,0000;0,0000;0,0000;0,0000;0,0000;2004,5000;6,0000
1813,0000;2215,0000;10,1085;180,2313;64,9025;255,2422;50825,5275;620869,6018;63769,2720;0,1258;0,3245;0,5482;53,8046;47,2450;42,7708;0,0530;0,1725;0,3360;15,8749;12,7213;2,4352;15532543,1260;844708,2413;10318705,8865;1059830,2128;2249468,5726;74944,8176;68029,2875;14653,0916;1,7055;368,0000;2007,0000;18,0000;6,0000;17,0000;15059385,5885;2,0000;0,2121;6,0000;22,0000;17,0000;9,0000;9,0000;0,3184;1,0000;0,9854;0,4125;0,8181;63,0000;0,0000;67,0066;0,7676;0,0111;0,0097;0,0147;0,0564;0,0482;0,0923;1,0000;83564,5664;57252,5901;16329,5746;67,6170;66,0196;67,4151;0,0000;0,0000;0,0000;0,0000;0,0000;0,0000;0,0000;0,0000;0,0000;0,0000;0,0000;0,0000;0,0000;0,0000;0,0000;0,0000;0,0000;1,0000;2004,5000;6,0000
1819,0000;334,0000;1,0000;23,7714;3,6750;28,4464;4485,8541;77000,1587;3404,3400;0,0000;0,2749;0,1893;54,0000;41,5569;36,5440;0,0000;0,2978;0,5701;25,0000;8,6747;1,4805;2042930,9397;76730,5762;1317088,4323;58231,2679;532649,3953;74944,8176;68029,2875;14653,0916;1,5496;369,0000;2007,0000;18,0000;5,0000;5,0000;2035789,5604;1,0000;0,3206;3,0000;17,0000;12,0000;4,0000;6,0000;0,3377;0,0000;0,9897;0,2078;0,8380;42,0000;2,6524;60,4242;0,8158;0,0149;0,0000;0,0149;0,0149;0,0509;0,0885;1,0000;76730,5762;55406,4309;15845,2430;60,4242;#NULL!;#NULL!;0,0000;0,0000;0,0000;0,0000;0,0000;0,0000;0,0000;0,0000;0,0000;0,0000;0,0000;0,0000;0,0000;0,0000;0,0000;0,0000;0,0000;1,0000;2004,5000;6,0000
1837,0000;935,0000;4,2579;77,0487;10,6707;91,9772;9358,5765;285267,2990;11585,5074;0,0000;0,3706;0,4654;52,2001;48,2086;38,6355;0,0000;0,2388;0,0988;20,2144;15,8664;2,9326;7382392,1443;172824,0092;5268006,1227;213948,5463;1513664,9199;82801,4363;79948,8262;17897,1421;1,5710;372,0000;2007,0000;7,0000;7,0000;3,0000;7677417,2002;1,0000;0,2204;6,0000;11,0000;12,0000;8,0000;4,0000;0,4275;1,0000;0,9617;0,1384;0,8455;41,0000;12,5214;62,8197;0,5685;0,0117;0,0488;0,1279;0,0512;0,1036;0,0883;1,0000;40589,1441;68372,4623;20050,1884;63,5500;64,4872;60,6279;0,0000;0,0000;0,0000;0,0000;0,0000;0,0000;1,0000;0,0000;0,0000;0,0000;0,0000;0,0000;0,0000;0,0000;0,0000;0,0000;0,0000;0,0000;2004,5000;6,0000
1867,0000;1223,0000;8,8576;81,0169;18,9245;108,7990;46062,5069;293617,1782;18095,3556;0,0226;0,3484;0,7676;54,6660;43,5364;45,8337;0,0701;0,1653;0,1132;26,1673;14,0175;3,2266;8006508,4331;804060,7233;5125340,6832;315870,0149;1445366,9968;75483,6210;72761,6682;16051,7808;1,7241;379,0000;2007,0000;13,0000;8,0000;6,0000;8036419,5818;1,0000;0,1577;6,0000;16,0000;19,0000;10,0000;7,0000;0,7730;1,0000;0,9623;0,1353;0,7857;58,0000;2,6524;64,9012;0,7382;0,0018;0,0242;0,0602;0,0276;0,0752;0,0728;1,0000;90776,0826;63262,6289;16691,0674;64,1538;64,4848;65,5714;0,0000;0,0000;0,0000;0,0000;0,0000;0,0000;0,0000;0,0000;0,0000;0,0000;0,0000;0,0000;1,0000;0,0000;0,0000;0,0000;0,0000;0,0000;2004,5000;6,0000
1873,0000;1149,0000;4,4315;72,0366;7,3308;83,7989;19509,0714;246604,4561;7910,3496;0,0800;0,3098;0,1869;47,8300;41,5936;19,5360;0,0000;0,1666;0,1457;4,8300;7,4256;0,6019;6657543,3053;364976,3651;4613484,4735;147987,0863;1383108,2941;76896,9881;75031,0540;16396,1541;1,9051;380,0000;2007,0000;15,0000;8,0000;1,0000;6781555,9792;1,0000;0,1570;6,0000;9,0000;6,0000;5,0000;2,0000;0,4498;1,0000;0,9416;0,1291;0,8506;28,0000;2,6524;64,9434;0,7833;0,0063;0,0078;0,0138;0,0404;0,0614;0,0870;1,0000;82358,8171;64043,5771;20187,1345;68,3846;64,8444;64,1042;0,0000;0,0000;0,0000;0,0000;0,0000;0,0000;0,0000;0,0000;0,0000;0,0000;0,0000;0,0000;0,0000;0,0000;1,0000;0,0000;0,0000;0,0000;2004,5000;6,0000
1925,0000;265,0000;4,2078;30,2390;4,6577;39,1045;4872,7224;98484,1546;4613,8074;0,0000;0,3901;0,3309;56,6428;45,6658;39,3762;0,0000;0,1289;0,2603;10,0500;9,8408;2,7219;2601783,9376;82670,8425;1670886,9018;78278,0790;691670,0354;75483,6210;72761,6682;16051,7808;1,5478;393,0000;2007,0000;13,0000;4,0000;4,0000;2545305,9307;1,0000;0,1151;3,0000;11,0000;13,0000;4,0000;1,0000;0,9363;0,0000;0,8750;0,1330;0,8037;32,0000;2,6524;59,4231;0,1377;0,0000;0,1377;0,0688;0,5175;0,0922;0,0460;1,0000;19647,2039;55256,0274;16806,0632;59,4231;#NULL!;#NULL!;0,0000;0,0000;0,0000;0,0000;0,0000;0,0000;0,0000;0,0000;0,0000;0,0000;0,0000;0,0000;1,0000;0,0000;0,0000;0,0000;0,0000;0,0000;2004,5000;6,0000
1937,0000;1214,0000;5,5811;108,5129;17,9805;132,0745;26912,5639;363295,7226;16100,0044;0,1883;0,3902;0,4072;53,3910;44,3519;35,7843;0,0000;0,2727;0,2371;21,7734;12,2838;2,0649;9085756,3018;491437,3170;6633967,5431;293994,3956;1372362,6506;77233,1566;72764,3523;16165,2265;1,7591;395,0000;2007,0000;2,0000;7,0000;2,0000;9139979,9177;1,0000;0,2648;4,0000;11,0000;12,0000;8,0000;7,0000;0,0000;1,0000;0,9409;0,3922;0,7891;42,0000;0,0000;63,8750;0,8672;0,0010;0,0148;0,0108;0,0000;0,0544;0,0519;1,0000;88053,6701;61135,2708;16350,7754;64,1579;64,9024;62,3953;0,0000;1,0000;0,0000;0,0000;0,0000;0,0000;0,0000;0,0000;0,0000;0,0000;0,0000;0,0000;0,0000;0,0000;0,0000;0,0000;0,0000;0,0000;2004,5000;6,0000
2021,0000;1176,0000;6,7759;79,4455;14,0670;100,2884;31321,1862;269715,5031;15361,4246;0,3565;0,4327;0,6056;46,6274;42,5748;44,8168;0,0924;0,2564;0,2478;12,7545;11,4415;3,1676;7362668,4927;573553,3058;4939028,0889;281298,2816;1287490,5347;82437,6443;75800,1749;16802,7336;1,7985;417,0000;2007,0000;6,0000;8,0000;6,0000;7346807,2377;1,0000;0,2537;4,0000;5,0000;12,0000;5,0000;5,0000;0,1890;1,0000;0,9341;0,1778;0,8030;31,0000;2,6524;65,3393;0,7879;0,0016;0,0185;0,0200;0,0539;0,0462;0,0719;1,0000;84645,7566;62168,7825;19997,0489;65,0000;65,8723;64,9423;0,0000;0,0000;0,0000;0,0000;0,0000;1,0000;0,0000;0,0000;0,0000;0,0000;0,0000;0,0000;0,0000;0,0000;0,0000;0,0000;0,0000;0,0000;2004,5000;6,0000
2027,0000;1496,0000;7,4880;107,2713;23,7444;138,5038;40450,4415;373123,9194;23133,7371;0,0000;0,3654;0,6919;52,9880;46,1765;45,0423;0,0000;0,1239;0,5054;24,9903;15,3225;3,1446;10224973,4000;739332,9874;6819772,8259;422826,9043;1820213,7781;75483,6210;72761,6682;16051,7808;1,7012;418,0000;2007,0000;13,0000;7,0000;1,0000;9996753,9392;2,0000;0,1518;7,0000;21,0000;15,0000;6,0000;6,0000;0,6506;1,0000;0,9608;0,6369;0,8779;55,0000;0,1340;61,8908;0,6879;0,0000;0,0363;0,0432;0,0733;0,0491;0,1102;1,0000;98735,0606;63574,9971;17807,4390;63,9250;61,6944;60,1628;0,0000;0,0000;0,0000;0,0000;0,0000;0,0000;0,0000;0,0000;0,0000;0,0000;0,0000;0,0000;1,0000;0,0000;0,0000;0,0000;0,0000;0,0000;2004,5000;6,0000
2033,0000;580,0000;4,2374;38,9267;11,3552;54,5193;13844,4306;146437,6648;8561,3416;0,3309;0,4484;0,4148;47,4049;45,6625;47,7831;0,0000;0,2702;0,1463;12,7951;12,0861;2,5430;3685653,3863;252257,4310;2668220,1817;155995,0058;453185,7620;82403,4767;74814,4024;16832,3656;1,5720;419,0000;2007,0000;11,0000;10,0000;3,0000;3629501,4959;1,0000;0,2297;4,0000;14,0000;14,0000;8,0000;5,0000;0,7908;1,0000;0,9358;0,1409;0,8710;45,0000;2,6524;64,3478;0,7983;0,0057;0,0230;0,0281;0,0057;0,0498;0,0894;1,0000;59530,6731;68544,8169;13737,7443;#NULL!;#NULL!;64,3478;0,0000;0,0000;0,0000;0,0000;0,0000;0,0000;0,0000;0,0000;0,0000;0,0000;1,0000;0,0000;0,0000;0,0000;0,0000;0,0000;0,0000;0,0000;2004,5000;6,0000
2061,0000;1447,0000;9,4481;137,2499;25,2011;171,8991;46104,7573;441782,6123;25925,0204;0,2019;0,4178;0,6832;52,5177;43,8067;44,8058;0,0652;0,1866;0,5326;16,8833;10,4242;3,6949;11439217,7089;814435,9560;7804045,9440;457962,9093;1904809,9903;75483,6210;72761,6682;16051,7808;1,7546;424,0000;2007,0000;13,0000;6,0000;2,0000;11400432,3739;3,0000;0,1845;7,0000;12,0000;11,0000;3,0000;2,0000;0,9163;1,0000;0,9194;0,3059;0,7765;35,0000;4,5226;60,4511;0,5649;0,0036;0,0653;0,1121;0,0523;0,1057;0,0961;1,0000;86201,0305;56860,1054;18172,3381;61,6324;60,1667;58,0345;0,0000;0,0000;0,0000;0,0000;0,0000;0,0000;0,0000;0,0000;0,0000;0,0000;0,0000;0,0000;1,0000;0,0000;0,0000;0,0000;0,0000;0,0000;2004,5000;6,0000
2085,0000;592,0000;4,1729;40,8589;5,1784;50,2102;4872,7224;151217,0396;11580,4044;0,0800;0,4523;0,7700;50,1333;45,9331;50,4213;0,1067;0,4402;0,1383;6,3867;8,2759;3,2025;8698530,1895;202829,6047;6294487,9389;482040,3569;1237131,9320;81272,5159;75963,1277;17742,6778;1,6454;428,0000;2007,0000;4,0000;10,0000;4,0000;8499287,0053;1,0000;0,3952;5,0000;12,0000;14,0000;8,0000;2,0000;0,5945;1,0000;0,9444;0,0872;0,8958;41,0000;2,6524;67,1449;0,8199;0,0000;0,0109;0,0286;0,0103;0,0547;0,0755;1,0000;48606,6876;154054,2204;93086,6874;#NULL!;#NULL!;67,1449;0,0000;0,0000;0,0000;1,0000;0,0000;0,0000;0,0000;0,0000;0,0000;0,0000;0,0000;0,0000;0,0000;0,0000;0,0000;0,0000;0,0000;0,0000;2004,5000;6,0000
2091,0000;1368,0000;9,5585;77,4987;29,0444;116,1016;41347,9835;266672,3886;27379,7803;0,2998;0,4586;0,5563;45,2599;42,6923;46,1986;0,0000;0,4051;0,2729;7,6809;10,0141;3,0525;9658627,7001;929439,3386;5994386,8476;615455,5246;1503890,4647;82437,6443;75800,1749;16802,7336;1,7541;429,0000;2007,0000;6,0000;10,0000;6,0000;9470378,4766;1,0000;0,3196;3,0000;10,0000;15,0000;5,0000;5,0000;0,8076;1,0000;0,9441;0,0621;0,8470;38,0000;2,6524;65,6875;0,8306;0,0020;0,0174;0,0066;0,0179;0,0515;0,0741;1,0000;97236,9450;77348,2245;21190,1614;#NULL!;#NULL!;65,6875;0,0000;0,0000;0,0000;0,0000;0,0000;1,0000;0,0000;0,0000;0,0000;0,0000;0,0000;0,0000;0,0000;0,0000;0,0000;0,0000;0,0000;0,0000;2004,5000;6,0000
2139,0000;1947,0000;6,9177;143,4078;31,8329;182,1585;35564,4398;492034,7976;28994,9998;0,1024;0,3628;0,6575;54,4124;43,5471;46,2951;0,1024;0,1696;0,4335;14,8952;12,2717;2,8731;13343086,9313;642038,1231;8882611,3881;523441,2629;2771554,8943;82801,4363;79948,8262;17897,1421;1,7830;437,0000;2007,0000;7,0000;7,0000;2,0000;13740714,3351;2,0000;0,2007;8,0000;20,0000;21,0000;11,0000;6,0000;0,0743;0,0000;0,9240;0,2185;0,7707;66,0000;0,0000;61,4632;0,7872;0,0039;0,0102;0,0243;0,0432;0,0522;0,0791;1,0000;92810,7068;61939,5098;16443,3829;61,2316;62,0455;61,3922;0,0000;0,0000;0,0000;0,0000;0,0000;0,0000;1,0000;0,0000;0,0000;0,0000;0,0000;0,0000;0,0000;0,0000;0,0000;0,0000;0,0000;0,0000;2004,5000;6,0000
2169,0000;2149,0000;8,5006;170,5478;26,5189;205,5673;47295,0369;574818,4992;26611,3925;0,2639;0,5094;0,6627;52,1766;45,1772;42,8768;0,0000;0,2645;0,2524;24,7732;13,7145;2,3924;15216506,3484;862080,1762;10477624,4188;485064,7219;2906672,3096;82403,4767;74814,4024;16832,3656;1,7534;442,0000;2007,0000;11,0000;7,0000;2,0000;14975874,9770;4,0000;0,2499;6,0000;18,0000;16,0000;7,0000;5,0000;0,9559;1,0000;0,9413;0,0851;0,8157;52,0000;3,1507;64,0608;0,6927;0,0151;0,0297;0,0346;0,0379;0,0989;0,0911;1,0000;101414,4168;61435,1217;18291,2570;63,5890;62,4286;66,4808;0,0000;0,0000;0,0000;0,0000;0,0000;0,0000;0,0000;0,0000;0,0000;0,0000;1,0000;0,0000;0,0000;0,0000;0,0000;0,0000;0,0000;0,0000;2004,5000;6,0000
2175,0000;666,0000;3,0000;41,4224;7,6960;52,1184;14249,4807;146471,4944;9336,8365;0,0000;0,5128;0,2175;51,1333;43,5135;23,4125;0,0000;0,4141;0,1362;12,0667;8,4378;1,5717;4207257,7017;253298,0137;2603669,5219;165971,1099;1018347,9464;78354,7522;75733,7712;17161,3534;1,8613;443,0000;2007,0000;10,0000;10,0000;6,0000;4196850,4871;1,0000;0,3693;3,0000;7,0000;5,0000;6,0000;1,0000;0,6023;1,0000;0,9545;0,1479;0,9086;22,0000;2,6524;67,5738;0,8258;0,0000;0,0137;0,0255;0,0220;0,0412;0,0719;1,0000;84432,6712;62856,5588;21565,8927;#NULL!;#NULL!;67,5738;0,0000;0,0000;0,0000;0,0000;0,0000;0,0000;0,0000;0,0000;0,0000;1,0000;0,0000;0,0000;0,0000;0,0000;0,0000;0,0000;0,0000;0,0000;2004,5000;6,0000
2204,0000;1482,0000;5,1188;131,6612;28,1005;164,8805;24965,1727;442165,0439;34881,5977;0,0000;0,4438;0,4531;51,7931;44,7899;44,1327;0,0000;0,2789;0,5025;17,3374;11,2348;3,2553;15826020,9487;645190,9431;11427154,3581;901467,4645;1950740,7185;78424,9292;74204,4333;17063,2872;1,5534;449,0000;2007,0000;8,0000;7,0000;4,0000;15205866,8412;4,0000;0,2854;5,0000;9,0000;8,0000;5,0000;1,0000;0,7535;1,0000;0,9839;0,1438;0,8298;28,0000;1,3559;68,4314;0,5505;0,0042;0,0187;0,0679;0,1555;0,1415;0,0616;1,0000;126044,4333;86792,0933;32080,1502;64,6552;69,8529;70,0000;0,0000;0,0000;0,0000;0,0000;0,0000;0,0000;0,0000;1,0000;0,0000;0,0000;0,0000;0,0000;0,0000;0,0000;0,0000;0,0000;0,0000;0,0000;2004,5000;6,0000
2246,0000;5971,0000;27,7573;468,3153;119,4558;615,5285;144004,0384;1600541,6457;120554,9316;0,0410;0,3395;0,5674;51,6770;43,7507;42,3655;0,0293;0,1629;0,2651;20,2109;11,4574;2,8791;43501140,9466;2501755,2171;27805910,5674;2094378,2730;9004718,6160;75483,6210;72761,6682;16051,7808;1,8876;457,0000;2007,0000;13,0000;7,0000;10,0000;43002513,2570;8,0000;0,1845;7,0000;21,0000;13,0000;8,0000;3,0000;0,7730;0,0000;0,9651;0,1353;0,8093;52,0000;2,7846;63,1004;0,7546;0,0000;0,0394;0,0541;0,0218;0,0530;0,0771;1,0000;90129,5696;59374,3310;17532,6629;61,4479;63,6667;65,0236;0,0000;0,0000;0,0000;0,0000;0,0000;0,0000;0,0000;0,0000;0,0000;0,0000;0,0000;0,0000;1,0000;0,0000;0,0000;0,0000;0,0000;0,0000;2004,5000;6,0000
2252,0000;1218,0000;5,9000;72,4482;17,0421;95,3903;25059,4558;271909,9565;18763,1586;0,2506;0,3583;0,5219;49,1331;45,7023;47,7749;0,0000;0,2075;0,4084;13,5022;12,8074;3,1388;7638956,9825;486460,9916;5278390,2514;364235,5533;1145634,6328;77533,9341;75312,3874;16873,4239;1,6766;458,0000;2007,0000;17,0000;9,0000;31,0000;7594401,2142;1,0000;0,2219;8,0000;12,0000;12,0000;4,0000;4,0000;0,7426;1,0000;0,9624;0,0477;0,8407;40,0000;2,6524;65,5726;0,8147;0,0054;0,0112;0,0166;0,0245;0,0384;0,0892;1,0000;82451,0155;72857,4382;21372,6919;#NULL!;65,5333;65,6094;0,0000;0,0000;0,0000;0,0000;0,0000;0,0000;0,0000;0,0000;0,0000;0,0000;0,0000;0,0000;0,0000;0,0000;0,0000;0,0000;1,0000;0,0000;2004,5000;6,0000
2264,0000;1633,0000;4,5950;123,1275;34,5624;162,2848;21754,2700;428602,4447;35001,6816;0,1782;0,3423;0,5587;48,9974;48,1417;46,7308;0,0584;0,2459;0,4438;11,1780;15,8015;3,1415;11464681,9314;409058,8055;8059273,1477;658157,9652;1680034,0479;74944,8176;68029,2875;14653,0916;1,7096;462,0000;2007,0000;18,0000;7,0000;17,0000;11244889,5502;3,0000;0,2669;5,0000;19,0000;9,0000;6,0000;5,0000;0,0000;1,0000;0,9300;0,5066;0,8554;44,0000;0,0328;63,4870;0,8528;0,0030;0,0014;0,0000;0,0103;0,0322;0,1003;1,0000;89022,5910;65454,7043;19042,6277;65,3800;62,2250;62,7969;0,0000;0,0000;0,0000;0,0000;0,0000;0,0000;0,0000;0,0000;0,0000;0,0000;0,0000;0,0000;0,0000;0,0000;0,0000;0,0000;0,0000;1,0000;2004,5000;6,0000
2324,0000;964,0000;4,2336;58,5944;4,9505;67,7785;14636,3490;217854,8368;5581,3860;0,1967;0,3123;0,2418;56,1233;46,8650;28,3663;0,0000;0,2852;0,1022;22,3933;16,5126;2,3603;6739720,5680;276392,3328;4113963,5688;105398,7095;2138567,2474;83087,6455;78046,4358;17866,7317;1,5257;474,0000;2007,0000;12,0000;9,0000;9,0000;6693272,6420;1,0000;0,2609;8,0000;16,0000;12,0000;5,0000;4,0000;0,9103;0,0000;0,8681;0,0211;0,7727;45,0000;2,6524;63,8487;0,7752;0,0061;0,0202;0,0285;0,0295;0,0423;0,0981;1,0000;65284,7514;70210,8587;21290,5256;#NULL!;62,4182;65,0781;0,0000;0,0000;0,0000;0,0000;0,0000;0,0000;0,0000;0,0000;0,0000;0,0000;0,0000;1,0000;0,0000;0,0000;0,0000;0,0000;0,0000;0,0000;2004,5000;6,0000
2330,0000;2068,0000;4,1922;126,4102;21,9524;152,5548;35065,0000;446670,7014;22368,0141;0,1571;0,4391;0,6982;52,0857;43,4583;47,4021;0,0000;0,2258;0,5579;16,1143;8,9758;2,9215;11957994,6073;651397,6106;8297739,2743;415527,4760;2177802,7703;78354,7522;75733,7712;17161,3534;1,7610;475,0000;2007,0000;10,0000;8,0000;4,0000;12449146,1170;1,0000;0,2286;7,0000;10,0000;12,0000;7,0000;6,0000;0,3227;1,0000;0,9617;0,2868;0,8745;42,0000;2,6524;63,5030;0,8709;0,0000;0,0215;0,0120;0,0052;0,0273;0,0631;1,0000;155382,3776;65641,3905;18928,5604;65,5000;63,3784;63,2716;0,0000;0,0000;0,0000;0,0000;0,0000;0,0000;0,0000;0,0000;0,0000;1,0000;0,0000;0,0000;0,0000;0,0000;0,0000;0,0000;0,0000;0,0000;2004,5000;6,0000
2336,0000;2178,0000;13,4432;236,6049;24,4804;274,5284;65624,5920;795508,9756;28208,4668;0,2471;0,4364;0,5879;51,8948;45,7567;40,5626;0,0000;0,1972;0,2598;16,7749;10,6137;3,0490;22294108,2950;1248458,4870;15133959,7242;536644,8565;4838400,3708;83087,6455;78046,4358;17866,7317;1,5392;476,0000;2007,0000;12,0000;6,0000;9,0000;21890799,4952;4,0000;0,1930;2,0000;14,0000;8,0000;9,0000;5,0000;0,9103;0,0000;0,9117;0,0211;0,8327;38,0000;16,2153;59,4257;0,2608;0,0436;0,0634;0,1333;0,2123;0,1881;0,0986;1,0000;92869,4589;63963,0126;21921,4229;60,4157;60,0750;53,4211;0,0000;0,0000;0,0000;0,0000;0,0000;0,0000;0,0000;0,0000;0,0000;0,0000;0,0000;1,0000;0,0000;0,0000;0,0000;0,0000;0,0000;0,0000;2004,5000;6,0000
2358,0000;1307,0000;3,9000;75,7599;17,1270;96,7869;17881,6993;258133,0707;17029,8799;0,0462;0,4467;0,7300;50,2051;45,0977;45,4728;0,0000;0,3790;0,5310;17,5795;7,6800;2,4821;8958190,6280;387488,4548;5593628,6077;369029,9093;2239013,7469;78354,7522;75733,7712;17161,3534;1,9812;480,0000;2007,0000;10,0000;8,0000;14,0000;9165040,8226;1,0000;0,3647;5,0000;10,0000;10,0000;4,0000;5,0000;0,9472;1,0000;0,8364;0,0680;0,6428;34,0000;2,6524;58,9065;0,7843;0,0038;0,0140;0,0298;0,0483;0,0487;0,0711;1,0000;99356,0140;73833,6324;21546,6754;60,7692;57,6667;59,6739;0,0000;0,0000;0,0000;0,0000;0,0000;0,0000;0,0000;0,0000;0,0000;1,0000;0,0000;0,0000;0,0000;0,0000;0,0000;0,0000;0,0000;0,0000;2004,5000;6,0000
2370,0000;876,0000;2,0000;47,1302;13,6528;62,7830;9358,5765;172573,8071;13545,7237;0,1619;0,3914;0,2941;51,0310;45,5806;47,0056;0,0000;0,3865;0,1685;4,2857;11,1863;2,4288;5156610,1904;184574,2940;3403582,6504;267155,2021;1034142,8418;82437,6443;75800,1749;16802,7336;1,7774;482,0000;2007,0000;6,0000;10,0000;8,0000;5139777,2767;1,0000;0,3350;4,0000;13,0000;13,0000;10,0000;3,0000;0,6612;1,0000;0,9412;0,0701;0,8475;43,0000;2,6524;67,1098;0,8308;0,0063;0,0032;0,0187;0,0268;0,0385;0,0756;1,0000;92287,1470;72216,6479;19567,7958;#NULL!;#NULL!;67,1098;0,0000;0,0000;0,0000;0,0000;0,0000;1,0000;0,0000;0,0000;0,0000;0,0000;0,0000;0,0000;0,0000;0,0000;0,0000;0,0000;0,0000;0,0000;2004,5000;6,0000
2376,0000;2065,0000;8,0000;117,7202;23,8474;149,5676;34652,2927;414236,1452;25456,7032;0,2274;0,4053;0,5111;50,3583;43,9514;49,9931;0,0000;0,2206;0,1738;16,3631;10,3593;3,4829;11617544,6478;670607,0951;8016488,2760;492649,8209;1945149,6348;75221,5403;74207,4852;16237,7614;1,6862;483,0000;2007,0000;16,0000;8,0000;31,0000;11668102,5676;1,0000;0,2106;3,0000;10,0000;10,0000;8,0000;6,0000;0,5545;1,0000;0,9806;0,1474;0,8103;37,0000;2,6524;62,1509;0,8792;0,0040;0,0071;0,0161;0,0224;0,0261;0,0451;1,0000;83825,8869;68097,8139;20658,4291;64,9286;62,3846;61,2453;0,0000;0,0000;0,0000;0,0000;0,0000;0,0000;0,0000;0,0000;0,0000;0,0000;0,0000;0,0000;0,0000;0,0000;0,0000;1,0000;0,0000;0,0000;2004,5000;6,0000
2424,0000;2111,0000;43,8432;182,6261;56,6837;283,1531;219537,7646;591932,0742;64596,8295;0,1963;0,4665;0,6185;54,1187;42,9931;39,1638;0,0825;0,2705;0,4150;8,3095;8,3412;2,1423;13101370,8214;2613222,6971;7045941,8861;768915,0938;1904376,0506;78354,7522;75733,7712;17161,3534;1,6460;495,0000;2007,0000;10,0000;7,0000;7,0000;12789950,5397;3,0000;0,2314;3,0000;6,0000;4,0000;1,0000;0,0000;0,9688;1,0000;0,9103;0,0673;0,7719;14,0000;14,8970;62,0741;0,3755;0,0108;0,0385;0,1457;0,0979;0,1787;0,1530;1,0000;59603,7744;38581,2411;13565,0104;59,5395;65,4688;65,1852;0,0000;0,0000;0,0000;0,0000;0,0000;0,0000;0,0000;0,0000;0,0000;1,0000;0,0000;0,0000;0,0000;0,0000;0,0000;0,0000;0,0000;0,0000;2004,5000;6,0000
2430,0000;1320,0000;9,0491;74,8547;16,2189;100,1227;36118,4452;278228,4847;15857,0975;0,1833;0,4977;0,5895;52,8633;43,6206;50,1435;0,0000;0,2644;0,0659;23,5459;12,2123;10,9384;7892305,1554;694124,0330;5346993,1136;304741,5916;1241704,8255;76896,9881;75031,0540;16396,1541;1,6652;496,0000;2007,0000;15,0000;9,0000;31,0000;7934250,9753;1,0000;0,2109;5,0000;13,0000;9,0000;8,0000;4,0000;0,6964;1,0000;0,9487;0,0994;0,8707;39,0000;2,6524;67,0360;0,8254;0,0021;0,0217;0,0246;0,0252;0,0342;0,0667;1,0000;76706,5696;71431,5876;18789,3172;#NULL!;65,8085;67,9375;0,0000;0,0000;0,0000;0,0000;0,0000;0,0000;0,0000;0,0000;0,0000;0,0000;0,0000;0,0000;0,0000;0,0000;1,0000;0,0000;0,0000;0,0000;2004,5000;6,0000
2436,0000;847,0000;5,7685;69,5848;11,8729;87,2262;25016,2976;188932,7144;10343,1337;0,2013;0,4298;0,5228;55,8880;43,5963;35,9549;0,0000;0,2638;0,4654;11,3935;7,2762;0,7285;6832170,8271;553321,6207;4178897,9876;228774,0418;1642403,1352;78354,7522;75733,7712;17161,3534;1,8090;497,0000;2007,0000;10,0000;7,0000;1,0000;6780322,6956;1,0000;0,2385;5,0000;15,0000;10,0000;6,0000;3,0000;0,9688;1,0000;0,9257;0,0673;0,7005;39,0000;19,6638;60,6465;0,0616;0,0141;0,1647;0,4305;0,0341;0,2393;0,0556;1,0000;95921,2309;60054,7316;19268,5900;63,4091;63,4250;56,0000;0,0000;0,0000;0,0000;0,0000;0,0000;0,0000;0,0000;0,0000;0,0000;1,0000;0,0000;0,0000;0,0000;0,0000;0,0000;0,0000;0,0000;0,0000;2004,5000;6,0000
2466,0000;2071,0000;11,4756;160,7076;32,6702;204,8534;52104,1002;559238,1702;31806,1344;0,1227;0,3127;0,4131;50,8709;47,0704;52,4053;0,0760;0,1830;0,6275;19,4148;12,6534;3,6335;14946543,9278;1003583,1623;10771551,7468;612621,6716;1946165,6755;76896,9881;75031,0540;16396,1541;1,6800;503,0000;2007,0000;15,0000;0,0000;31,0000;14878200,4420;2,0000;0,2166;1,0000;7,0000;10,0000;5,0000;5,0000;0,2429;1,0000;0,9808;0,3925;0,8217;28,0000;0,0247;64,2103;0,8166;0,0000;0,0111;0,0163;0,0648;0,0388;0,0524;1,0000;87453,8227;67025,7856;18751,6719;64,8938;65,8250;60,8333;0,0000;0,0000;0,0000;0,0000;0,0000;0,0000;0,0000;0,0000;0,0000;0,0000;0,0000;0,0000;0,0000;0,0000;1,0000;0,0000;0,0000;0,0000;2004,5000;6,0000
2472,0000;4476,0000;18,0000;306,2750;70,7566;395,0316;92777,0000;1034546,8988;71346,6728;0,0533;0,3560;0,4735;52,9546;45,1016;45,7851;0,0100;0,1942;0,3235;21,2390;12,2615;2,1941;53972470,5210;3239469,7089;36122997,5218;2491192,7029;9627617,8846;83087,6455;78046,4358;17866,7317;1,7539;504,0000;2007,0000;12,0000;6,0000;8,0000;53037477,1188;8,0000;0,2041;8,0000;21,0000;18,0000;9,0000;6,0000;0,3337;1,0000;0,9611;0,2263;0,8803;62,0000;0,0872;65,2442;0,8527;0,0016;0,0065;0,0249;0,0204;0,0374;0,0564;1,0000;179970,5394;117943,0170;35207,9199;63,5270;66,6163;65,3367;0,0000;0,0000;0,0000;0,0000;0,0000;0,0000;0,0000;0,0000;0,0000;0,0000;0,0000;1,0000;0,0000;0,0000;0,0000;0,0000;0,0000;0,0000;2004,5000;6,0000
2478,0000;2055,0000;10,9000;69,7132;28,8951;109,5083;52448,9173;229640,5492;28086,1310;0,0365;0,3674;0,5449;51,9941;40,5766;44,8134;0,0812;0,2242;0,3313;13,0585;8,7451;2,4531;11309353,5231;1355743,5470;5935941,2705;725993,8391;2565681,0275;82437,6443;75800,1749;16802,7336;2,0231;506,0000;2007,0000;6,0000;8,0000;6,0000;11300612,5040;3,0000;0,2240;3,0000;10,0000;12,0000;7,0000;3,0000;0,8076;1,0000;0,9632;0,0621;0,8515;35,0000;10,0048;61,0670;0,7117;0,0036;0,0429;0,0302;0,0474;0,0821;0,0820;1,0000;124380,1419;85148,0246;25125,1541;62,2469;60,4286;59,7551;0,0000;0,0000;0,0000;0,0000;0,0000;1,0000;0,0000;0,0000;0,0000;0,0000;0,0000;0,0000;0,0000;0,0000;0,0000;0,0000;0,0000;0,0000;2004,5000;6,0000
2502,0000;382,0000;4,1830;42,7943;6,9657;53,9430;11921,4871;142973,8725;7607,2939;0,4362;0,1907;0,2268;51,0855;48,8861;40,6133;0,0000;0,1021;0,0778;20,1388;16,4421;3,2445;3370695,3493;204934,6666;2457772,4851;130772,1287;446443,9401;75483,6210;72761,6682;16051,7808;1,6910;510,0000;2007,0000;13,0000;4,0000;6,0000;3346584,7642;1,0000;0,1010;1,0000;4,0000;7,0000;6,0000;2,0000;0,7730;1,0000;0,9639;0,1353;0,9367;20,0000;2,6524;62,6739;0,4436;0,0000;0,1572;0,0716;0,1083;0,1354;0,0838;1,0000;48992,0743;57432,3000;18773,7108;62,6739;#NULL!;#NULL!;0,0000;0,0000;0,0000;0,0000;0,0000;0,0000;0,0000;0,0000;0,0000;0,0000;0,0000;0,0000;1,0000;0,0000;0,0000;0,0000;0,0000;0,0000;2004,5000;6,0000
2508,0000;1460,0000;4,6293;101,1373;17,6046;123,3711;19509,0714;354736,0051;18105,7858;0,0000;0,3154;0,6479;54,1333;45,4115;45,0367;0,0000;0,2354;0,4537;18,9000;10,5478;3,2537;8492544,0587;361733,1528;6577441,3803;335713,7232;881942,0792;75221,5403;74207,4852;16237,7614;1,6020;513,0000;2007,0000;16,0000;8,0000;1,0000;8368114,0636;1,0000;0,2674;3,0000;15,0000;16,0000;7,0000;4,0000;0,4289;1,0000;0,9299;0,1305;0,8153;45,0000;2,6524;62,1809;0,8543;0,0000;0,0091;0,0222;0,0322;0,0396;0,0426;1,0000;78140,3550;65034,7705;19069,7075;64,6923;62,0769;61,5000;0,0000;0,0000;0,0000;0,0000;0,0000;0,0000;0,0000;0,0000;0,0000;0,0000;0,0000;0,0000;0,0000;0,0000;0,0000;1,0000;0,0000;0,0000;2004,5000;6,0000
2514,0000;541,0000;4,1017;68,4429;15,8683;88,4128;4872,7224;227228,7075;14026,6527;0,1397;0,3344;0,3140;50,9016;48,9820;45,9379;0,0000;0,1893;0,1919;19,7048;12,3243;2,0600;5250851,0161;89475,8788;4172511,0966;257565,8896;473732,2615;75221,5403;74207,4852;16237,7614;1,5290;514,0000;2007,0000;16,0000;7,0000;31,0000;5127602,8170;1,0000;0,1873;1,0000;16,0000;22,0000;13,0000;5,0000;0,5545;0,0000;0,9038;0,1474;0,9607;57,0000;2,6524;60,7742;0,5806;0,0223;0,0519;0,0610;0,0923;0,0924;0,0994;1,0000;21814,5824;60963,4115;16231,5026;60,7742;#NULL!;#NULL!;0,0000;0,0000;0,0000;0,0000;0,0000;0,0000;0,0000;0,0000;0,0000;0,0000;0,0000;0,0000;0,0000;0,0000;0,0000;1,0000;0,0000;0,0000;2004,5000;6,0000
2592,0000;2047,0000;12,9869;240,8569;20,5519;274,3957;69580,6940;766214,2525;21815,8102;0,3626;0,4255;0,5716;49,4268;42,8084;46,6135;0,0228;0,3802;0,5281;12,8216;9,3668;3,3912;19581108,3823;1280671,0902;14102596,3695;401532,0326;3394776,8573;78424,9292;74204,4333;17063,2872;1,6731;530,0000;2007,0000;8,0000;7,0000;4,0000;20114760,0086;6,0000;0,3694;5,0000;11,0000;6,0000;3,0000;3,0000;0,8067;1,0000;0,8954;0,0347;0,7757;28,0000;6,9717;59,7197;0,5599;0,0019;0,0217;0,0955;0,1253;0,1086;0,0871;1,0000;98612,2343;58551,7695;19537,4811;60,5273;59,4615;58,8158;0,0000;0,0000;0,0000;0,0000;0,0000;0,0000;0,0000;1,0000;0,0000;0,0000;0,0000;0,0000;0,0000;0,0000;0,0000;0,0000;0,0000;0,0000;2004,5000;6,0000
2604,0000;2888,0000;15,9736;253,4758;36,3924;305,8418;78630,1159;859817,7219;40825,8832;0,1044;0,3624;0,5522;52,6299;46,4554;44,4459;0,0000;0,2252;0,4746;19,7119;14,8058;3,5828;21313965,1259;1351978,3344;14783838,4685;701966,5295;3774215,2640;77233,1566;72764,3523;16165,2265;1,6736;532,0000;2007,0000;2,0000;6,0000;1,0000;21104713,1173;5,0000;0,2211;4,0000;17,0000;12,0000;9,0000;6,0000;0,2427;1,0000;0,9798;0,1820;0,8006;48,0000;1,7014;62,9505;0,8913;0,0007;0,0156;0,0189;0,0022;0,0317;0,0396;1,0000;84638,2858;58324,4634;19288,8093;63,4552;63,8636;60,5000;0,0000;1,0000;0,0000;0,0000;0,0000;0,0000;0,0000;0,0000;0,0000;0,0000;0,0000;0,0000;0,0000;0,0000;0,0000;0,0000;0,0000;0,0000;2004,5000;6,0000
2616,0000;1757,0000;6,6323;141,9222;19,0728;167,6273;33861,1448;469464,7854;20849,6824;0,0600;0,3575;0,3876;51,0139;44,5765;43,9816;0,0398;0,2235;0,1757;18,0322;15,3323;2,6461;11052290,3759;581538,9401;8062694,1418;358077,1494;1691902,9952;77233,1566;72764,3523;16165,2265;1,7266;534,0000;2007,0000;2,0000;7,0000;1,0000;11252323,7342;2,0000;0,2138;8,0000;14,0000;16,0000;6,0000;4,0000;0,2934;1,0000;0,9719;0,2338;0,8305;48,0000;0,5488;64,6852;0,8466;0,0042;0,0068;0,0315;0,0249;0,0337;0,0524;1,0000;87682,8132;56810,6690;18774,2162;65,3214;65,0870;63,7833;0,0000;1,0000;0,0000;0,0000;0,0000;0,0000;0,0000;0,0000;0,0000;0,0000;0,0000;0,0000;0,0000;0,0000;0,0000;0,0000;0,0000;0,0000;2004,5000;6,0000
2634,0000;1531,0000;12,5629;112,4721;14,8767;139,9117;60573,9560;395489,9317;16562,0561;0,1941;0,3808;0,6692;53,5481;46,8170;47,2791;0,0000;0,2403;0,6652;18,7498;16,5968;2,8663;10292757,4633;1082038,2796;7064673,8891;295849,5674;1554346,1600;80492,2730;74679,6110;16539,8617;1,7449;537,0000;2007,0000;14,0000;7,0000;1,0000;10291521,6818;2,0000;0,2493;7,0000;20,0000;12,0000;6,0000;7,0000;0,0000;1,0000;1,0000;0,3570;0,8723;52,0000;0,0000;68,9787;0,7561;0,0035;0,0138;0,0036;0,0078;0,0272;0,1880;1,0000;86129,3444;62812,6871;19886,7486;67,0769;69,0769;70,8800;0,0000;0,0000;0,0000;0,0000;0,0000;0,0000;0,0000;0,0000;0,0000;0,0000;0,0000;0,0000;0,0000;1,0000;0,0000;0,0000;0,0000;0,0000;2004,5000;6,0000
2640,0000;2399,0000;6,0000;182,1760;41,7056;229,8816;29577,5000;590850,9327;39662,5750;0,1690;0,3479;0,4817;55,3952;45,1774;44,3389;0,0000;0,2298;0,3757;16,8143;13,1866;2,8730;16403749,9559;590781,9116;11801675,0419;792221,5158;2426849,9708;74944,8176;68029,2875;14653,0916;1,7020;538,0000;2007,0000;18,0000;6,0000;17,0000;16244658,2749;1,0000;0,2572;6,0000;22,0000;16,0000;7,0000;6,0000;0,2618;0,0000;0,9810;0,2560;0,9354;57,0000;0,0633;65,6238;0,7595;0,0073;0,0174;0,0247;0,0460;0,0626;0,0825;1,0000;98463,6519;64781,7223;18995,5555;64,4615;65,4032;66,8133;0,0000;0,0000;0,0000;0,0000;0,0000;0,0000;0,0000;0,0000;0,0000;0,0000;0,0000;0,0000;0,0000;0,0000;0,0000;0,0000;0,0000;1,0000;2004,5000;6,0000
2693,0000;1218,0000;4,5422;81,5291;14,8876;100,9589;14636,3490;300378,3383;16594,7888;0,5429;0,3985;0,5804;51,2463;46,5693;43,8552;0,0164;0,2424;0,3832;13,1546;14,7589;2,9827;7189617,7275;260283,0088;5341726,7969;295110,5889;997386,7441;77533,9341;75312,3874;16873,4239;1,5458;547,0000;2007,0000;17,0000;9,0000;1,0000;7324639,7063;1,0000;0,2346;4,0000;17,0000;14,0000;7,0000;5,0000;0,7426;1,0000;0,9627;0,0477;0,8007;47,0000;2,6524;66,2527;0,7688;0,0066;0,0132;0,0237;0,0345;0,0656;0,0876;1,0000;57303,1196;65519,2977;19822,5280;#NULL!;64,2250;67,8431;0,0000;0,0000;0,0000;0,0000;0,0000;0,0000;0,0000;0,0000;0,0000;0,0000;0,0000;0,0000;0,0000;0,0000;0,0000;0,0000;1,0000;0,0000;2004,5000;6,0000
2699,0000;2595,0000;8,4839;218,3417;25,4603;252,2859;45483,0837;724388,4800;23802,0636;0,1632;0,3132;0,2426;53,4232;46,4800;48,1628;0,0000;0,1966;0,2994;16,2532;12,9876;2,5125;18427483,9378;816222,7614;12999610,3491;427143,1149;3757364,5974;77533,9341;75312,3874;16873,4239;1,8132;551,0000;2007,0000;17,0000;6,0000;1,0000;18674297,3450;2,0000;0,2097;4,0000;13,0000;13,0000;9,0000;5,0000;0,0000;1,0000;0,9524;0,3586;0,7704;44,0000;0,0886;64,0549;0,8809;0,0000;0,0080;0,0078;0,0137;0,0339;0,0556;1,0000;96208,7857;59537,9236;16776,7971;64,7971;61,7451;64,2879;0,0000;0,0000;0,0000;0,0000;0,0000;0,0000;0,0000;0,0000;0,0000;0,0000;0,0000;0,0000;0,0000;0,0000;0,0000;0,0000;1,0000;0,0000;2004,5000;6,0000
